fixture_id,season,matchday,reference_date,scheduled_date,kickoff_time,home_team_id,home_team,away_team_id,away_team,model,probability_home,probability_draw,probability_away,predicted_ftr,probability_edge,confidence,market_odds_available,feature_snapshot,requires_dynamic_update
laliga_102249,2026/27,1,2026-08-16,,,alaves,Deportivo Alavés,getafe,Getafe CF,random_forest_sports,0.44151974469079064,0.2884752517064456,0.27000500360276364,H,0.15304449298434503,medium,False,preseason_static,True
laliga_102250,2026/27,1,2026-08-16,,,atletico_madrid,Atlético de Madrid,malaga,Málaga CF,random_forest_sports,0.47024491020399795,0.30064566499656026,0.22910942479944169,H,0.1695992452074377,low,False,preseason_static,True
laliga_102251,2026/27,1,2026-08-16,,,celta,RC Celta,osasuna,CA Osasuna,random_forest_sports,0.43784567355815845,0.3093444602663838,0.2528098661754578,H,0.12850121329177466,medium,False,preseason_static,True
laliga_102252,2026/27,1,2026-08-16,,,deportivo,RC Deportivo,elche,Elche CF,random_forest_sports,0.45166356993341095,0.28556856465595976,0.2627678654106293,H,0.1660950052774512,low,False,preseason_static,True
laliga_102253,2026/27,1,2026-08-16,,,espanyol,RCD Espanyol de Barcelona,levante,Levante UD,random_forest_sports,0.39563936521686877,0.31058583959139535,0.2937747951917358,H,0.08505352562547341,medium,False,preseason_static,True
laliga_102254,2026/27,1,2026-08-16,,,barcelona,FC Barcelona,athletic_bilbao,Athletic Club,random_forest_sports,0.5917860292265888,0.24512609539630628,0.16308787537710487,H,0.3466599338302826,medium,False,preseason_static,True
laliga_102255,2026/27,1,2026-08-16,,,racing_santander,R. Racing Club,villarreal,Villarreal CF,random_forest_sports,0.3460761875187042,0.2886380613986074,0.36528575108268835,A,0.019209563563984122,low,False,preseason_static,True
laliga_102256,2026/27,1,2026-08-16,,,real_madrid,Real Madrid,real_sociedad,Real Sociedad,random_forest_sports,0.5928468601911353,0.24189835267523188,0.1652547871336328,H,0.35094850751590345,medium,False,preseason_static,True
laliga_102257,2026/27,1,2026-08-16,,,sevilla,Sevilla FC,vallecano,Rayo Vallecano,random_forest_sports,0.37439378038824117,0.3088797934635489,0.31672642614820995,H,0.05766735424003122,low,False,preseason_static,True
laliga_102258,2026/27,1,2026-08-16,,,valencia,Valencia CF,betis,Real Betis,random_forest_sports,0.36933506299859503,0.30051173438771656,0.3301532026136884,H,0.03918186038490662,low,False,preseason_static,True
laliga_102259,2026/27,2,2026-08-23,,,athletic_bilbao,Athletic Club,sevilla,Sevilla FC,random_forest_sports,0.4230003500153285,0.309381583041812,0.2676180669428595,H,0.11361876697351647,medium,False,preseason_static,True
laliga_102260,2026/27,2,2026-08-23,,,atletico_madrid,Atlético de Madrid,villarreal,Villarreal CF,random_forest_sports,0.3887337691015239,0.31297594958054853,0.29829028131792756,H,0.07575781952097538,low,False,preseason_static,True
laliga_102261,2026/27,2,2026-08-23,,,betis,Real Betis,real_sociedad,Real Sociedad,random_forest_sports,0.49874940098154485,0.2936574197254796,0.20759317929297555,H,0.20509198125606526,medium,False,preseason_static,True
laliga_102262,2026/27,2,2026-08-23,,,elche,Elche CF,barcelona,FC Barcelona,random_forest_sports,0.2794053786683154,0.269768417657241,0.45082620367444354,A,0.17142082500612815,medium,False,preseason_static,True
laliga_102263,2026/27,2,2026-08-23,,,espanyol,RCD Espanyol de Barcelona,real_madrid,Real Madrid,random_forest_sports,0.28582157100054006,0.2972083694704714,0.4169700595289884,A,0.119761690058517,medium,False,preseason_static,True
laliga_102264,2026/27,2,2026-08-23,,,getafe,Getafe CF,racing_santander,R. Racing Club,random_forest_sports,0.4220168840169733,0.31650310215875366,0.26148001382427316,H,0.10551378185821964,low,False,preseason_static,True
laliga_102265,2026/27,2,2026-08-23,,,malaga,Málaga CF,deportivo,RC Deportivo,random_forest_sports,0.47893268654931204,0.2753751617642842,0.24569215168640368,H,0.2035575247850278,low,False,preseason_static,True
laliga_102266,2026/27,2,2026-08-23,,,osasuna,CA Osasuna,levante,Levante UD,random_forest_sports,0.38707640243612357,0.31997350998999746,0.292950087573879,H,0.0671028924461261,low,False,preseason_static,True
laliga_102267,2026/27,2,2026-08-23,,,vallecano,Rayo Vallecano,alaves,Deportivo Alavés,random_forest_sports,0.45308406652972544,0.2960056993598413,0.25091023411043334,H,0.15707836716988416,medium,False,preseason_static,True
laliga_102268,2026/27,2,2026-08-23,,,valencia,Valencia CF,celta,RC Celta,random_forest_sports,0.42690921379092905,0.30768859956981265,0.26540218663925824,H,0.1192206142211164,medium,False,preseason_static,True
laliga_102269,2026/27,3,2026-08-30,,,alaves,Deportivo Alavés,villarreal,Villarreal CF,random_forest_sports,0.31522166311487454,0.3034897716990034,0.38128856518612214,A,0.0660669020712476,low,False,preseason_static,True
laliga_102270,2026/27,3,2026-08-30,,,celta,RC Celta,athletic_bilbao,Athletic Club,random_forest_sports,0.4345075079719289,0.30168832349936126,0.26380416852870975,H,0.13281918447256763,medium,False,preseason_static,True
laliga_102271,2026/27,3,2026-08-30,,,deportivo,RC Deportivo,valencia,Valencia CF,random_forest_sports,0.4078790267816803,0.3005262063413169,0.2915947668770027,H,0.10735282044036343,low,False,preseason_static,True
laliga_102272,2026/27,3,2026-08-30,,,barcelona,FC Barcelona,vallecano,Rayo Vallecano,random_forest_sports,0.5929360819090126,0.24207979113877054,0.16498412695221704,H,0.35085629077024205,medium,False,preseason_static,True
laliga_102273,2026/27,3,2026-08-30,,,levante,Levante UD,betis,Real Betis,random_forest_sports,0.3414629144882806,0.30302964450534164,0.3555074410063779,A,0.014044526518097289,low,False,preseason_static,True
laliga_102274,2026/27,3,2026-08-30,,,osasuna,CA Osasuna,getafe,Getafe CF,random_forest_sports,0.42149525812817057,0.29963084506733,0.2788738968044994,H,0.12186441306084056,medium,False,preseason_static,True
laliga_102275,2026/27,3,2026-08-30,,,racing_santander,R. Racing Club,elche,Elche CF,random_forest_sports,0.4816791915673469,0.27541505306700276,0.24290575536565037,H,0.20626413850034414,low,False,preseason_static,True
laliga_102276,2026/27,3,2026-08-30,,,real_madrid,Real Madrid,malaga,Málaga CF,random_forest_sports,0.5902113430286259,0.2392866421802713,0.17050201479110283,H,0.3509247008483546,low,False,preseason_static,True
laliga_102277,2026/27,3,2026-08-30,,,real_sociedad,Real Sociedad,espanyol,RCD Espanyol de Barcelona,random_forest_sports,0.42708709506853615,0.3033483373268022,0.26956456760466174,H,0.12373875774173393,medium,False,preseason_static,True
laliga_102278,2026/27,3,2026-08-30,,,sevilla,Sevilla FC,atletico_madrid,Atlético de Madrid,random_forest_sports,0.33135957893803936,0.303276135456921,0.3653642856050397,A,0.03400470666700034,low,False,preseason_static,True
laliga_102279,2026/27,4,2026-09-06,,,alaves,Deportivo Alavés,osasuna,CA Osasuna,random_forest_sports,0.42531893649285213,0.3164797397733781,0.2582013237337698,H,0.10883919671947401,medium,False,preseason_static,True
laliga_102280,2026/27,4,2026-09-06,,,athletic_bilbao,Athletic Club,atletico_madrid,Atlético de Madrid,random_forest_sports,0.32681310179301626,0.30598802825624605,0.36719886995073764,A,0.04038576815772138,low,False,preseason_static,True
laliga_102281,2026/27,4,2026-09-06,,,betis,Real Betis,real_madrid,Real Madrid,random_forest_sports,0.3171893320070274,0.30595452704270304,0.3768561409502696,A,0.05966680894324217,low,False,preseason_static,True
laliga_102282,2026/27,4,2026-09-06,,,elche,Elche CF,real_sociedad,Real Sociedad,random_forest_sports,0.4207830041934212,0.30644950548386596,0.27276749032271286,H,0.11433349870955523,medium,False,preseason_static,True
laliga_102283,2026/27,4,2026-09-06,,,espanyol,RCD Espanyol de Barcelona,sevilla,Sevilla FC,random_forest_sports,0.42813416476818905,0.3094272233934184,0.26243861183839257,H,0.11870694137477067,medium,False,preseason_static,True
laliga_102284,2026/27,4,2026-09-06,,,getafe,Getafe CF,celta,RC Celta,random_forest_sports,0.39081737160004726,0.3073359112154447,0.3018467171845081,H,0.08348146038460258,medium,False,preseason_static,True
laliga_102285,2026/27,4,2026-09-06,,,malaga,Málaga CF,levante,Levante UD,random_forest_sports,0.4265400992341389,0.28920984482786055,0.28425005593800057,H,0.13733025440627833,low,False,preseason_static,True
laliga_102286,2026/27,4,2026-09-06,,,vallecano,Rayo Vallecano,racing_santander,R. Racing Club,random_forest_sports,0.44621290462919727,0.29757586758539395,0.2562112277854089,H,0.14863703704380332,low,False,preseason_static,True
laliga_102287,2026/27,4,2026-09-06,,,valencia,Valencia CF,barcelona,FC Barcelona,random_forest_sports,0.2886678662334069,0.2755234201956281,0.435808713570965,A,0.1471408473375581,medium,False,preseason_static,True
laliga_102288,2026/27,4,2026-09-06,,,villarreal,Villarreal CF,deportivo,RC Deportivo,random_forest_sports,0.5374426624752962,0.27058524691426333,0.19197209061044054,H,0.2668574155610328,low,False,preseason_static,True
laliga_102289,2026/27,5,2026-09-13,,,athletic_bilbao,Athletic Club,elche,Elche CF,random_forest_sports,0.45495810495528,0.2918864479356227,0.25315544710909726,H,0.1630716570196573,medium,False,preseason_static,True
laliga_102290,2026/27,5,2026-09-13,,,celta,RC Celta,malaga,Málaga CF,random_forest_sports,0.4451217158786767,0.3044057895258327,0.25047249459549065,H,0.14071592635284402,low,False,preseason_static,True
laliga_102291,2026/27,5,2026-09-13,,,getafe,Getafe CF,deportivo,RC Deportivo,random_forest_sports,0.44818356886426736,0.29953639435736346,0.2522800367783692,H,0.1486471745069039,low,False,preseason_static,True
laliga_102292,2026/27,5,2026-09-13,,,levante,Levante UD,barcelona,FC Barcelona,random_forest_sports,0.3050410042813533,0.2858896840328904,0.40906931168575633,A,0.10402830740440305,medium,False,preseason_static,True
laliga_102293,2026/27,5,2026-09-13,,,osasuna,CA Osasuna,espanyol,RCD Espanyol de Barcelona,random_forest_sports,0.42221246490321773,0.3127910632993582,0.264996471797424,H,0.10942140160385955,medium,False,preseason_static,True
laliga_102294,2026/27,5,2026-09-13,,,racing_santander,R. Racing Club,alaves,Deportivo Alavés,random_forest_sports,0.4570094559822252,0.2797461859330098,0.2632443580847649,H,0.17726327004921538,low,False,preseason_static,True
laliga_102295,2026/27,5,2026-09-13,,,real_madrid,Real Madrid,vallecano,Rayo Vallecano,random_forest_sports,0.5798360958775473,0.24639832563116926,0.17376557849128355,H,0.333437770246378,medium,False,preseason_static,True
laliga_102296,2026/27,5,2026-09-13,,,real_sociedad,Real Sociedad,atletico_madrid,Atlético de Madrid,random_forest_sports,0.3210642588166567,0.30186997893332246,0.3770657622500208,A,0.05600150343336413,low,False,preseason_static,True
laliga_102297,2026/27,5,2026-09-13,,,sevilla,Sevilla FC,valencia,Valencia CF,random_forest_sports,0.3964589248474072,0.3114408488885058,0.29210022626408705,H,0.08501807595890137,medium,False,preseason_static,True
laliga_102298,2026/27,5,2026-09-13,,,villarreal,Villarreal CF,betis,Real Betis,random_forest_sports,0.44048039996309213,0.2974517947312073,0.26206780530570056,H,0.14302860523188482,medium,False,preseason_static,True
laliga_102299,2026/27,6,2026-09-16,,,alaves,Deportivo Alavés,valencia,Valencia CF,random_forest_sports,0.4053893513675818,0.30461249292482323,0.289998155707595,H,0.10077685844275858,medium,False,preseason_static,True
laliga_102300,2026/27,6,2026-09-16,,,atletico_madrid,Atlético de Madrid,osasuna,CA Osasuna,random_forest_sports,0.4808435028738768,0.29928336418830626,0.21987313293781702,H,0.18156013868557053,medium,False,preseason_static,True
laliga_102301,2026/27,6,2026-09-16,,,betis,Real Betis,getafe,Getafe CF,random_forest_sports,0.5176247299907901,0.2670448796850906,0.21533039032411933,H,0.2505798503056995,medium,False,preseason_static,True
laliga_102302,2026/27,6,2026-09-16,,,deportivo,RC Deportivo,sevilla,Sevilla FC,random_forest_sports,0.43847436802676654,0.2947907763161077,0.26673485565712585,H,0.1436835917106588,low,False,preseason_static,True
laliga_102303,2026/27,6,2026-09-16,,,elche,Elche CF,real_madrid,Real Madrid,random_forest_sports,0.2858886583288042,0.2825040480297856,0.43160729364141015,A,0.14571863531260593,medium,False,preseason_static,True
laliga_102304,2026/27,6,2026-09-16,,,barcelona,FC Barcelona,racing_santander,R. Racing Club,random_forest_sports,0.5747204406473236,0.2434224104716303,0.18185714888104604,H,0.33129803017569337,low,False,preseason_static,True
laliga_102305,2026/27,6,2026-09-16,,,levante,Levante UD,athletic_bilbao,Athletic Club,random_forest_sports,0.4196476636289686,0.3039427817059955,0.27640955466503586,H,0.11570488192297312,medium,False,preseason_static,True
laliga_102306,2026/27,6,2026-09-16,,,malaga,Málaga CF,villarreal,Villarreal CF,random_forest_sports,0.3396981954687688,0.28745092292725954,0.3728508816039718,A,0.033152686135203,low,False,preseason_static,True
laliga_102307,2026/27,6,2026-09-16,,,vallecano,Rayo Vallecano,espanyol,RCD Espanyol de Barcelona,random_forest_sports,0.45722735273694437,0.3032370043444576,0.23953564291859808,H,0.15399034839248676,medium,False,preseason_static,True
laliga_102308,2026/27,6,2026-09-16,,,real_sociedad,Real Sociedad,celta,RC Celta,random_forest_sports,0.374881535013417,0.31471556769646075,0.3104028972901223,H,0.060165967316956226,low,False,preseason_static,True
laliga_102309,2026/27,7,2026-09-20,,,athletic_bilbao,Athletic Club,alaves,Deportivo Alavés,random_forest_sports,0.41695284445890063,0.3037516992264169,0.27929545631468233,H,0.1132011452324837,medium,False,preseason_static,True
laliga_102310,2026/27,7,2026-09-20,,,atletico_madrid,Atlético de Madrid,real_madrid,Real Madrid,random_forest_sports,0.31042472969022183,0.3060497414586943,0.38352552885108393,A,0.0731007991608621,low,False,preseason_static,True
laliga_102311,2026/27,7,2026-09-20,,,celta,RC Celta,racing_santander,R. Racing Club,random_forest_sports,0.42539070589973155,0.310424192003143,0.26418510209712553,H,0.11496651389658857,low,False,preseason_static,True
laliga_102312,2026/27,7,2026-09-20,,,deportivo,RC Deportivo,betis,Real Betis,random_forest_sports,0.3320113341248927,0.3008856042909652,0.3671030615841422,A,0.03509172745924949,low,False,preseason_static,True
laliga_102313,2026/27,7,2026-09-20,,,espanyol,RCD Espanyol de Barcelona,elche,Elche CF,random_forest_sports,0.44743149731480025,0.29134384813556136,0.26122465454963845,H,0.1560876491792389,medium,False,preseason_static,True
laliga_102314,2026/27,7,2026-09-20,,,getafe,Getafe CF,malaga,Málaga CF,random_forest_sports,0.43618654945962676,0.30854762212099,0.2552658284193833,H,0.12763892733863674,low,False,preseason_static,True
laliga_102315,2026/27,7,2026-09-20,,,osasuna,CA Osasuna,vallecano,Rayo Vallecano,random_forest_sports,0.36135749812326096,0.32659371274848775,0.3120487891282513,H,0.034763785374773204,low,False,preseason_static,True
laliga_102316,2026/27,7,2026-09-20,,,sevilla,Sevilla FC,barcelona,FC Barcelona,random_forest_sports,0.280573757665773,0.28922186424880963,0.4302043780854174,A,0.14098251383660776,medium,False,preseason_static,True
laliga_102317,2026/27,7,2026-09-20,,,valencia,Valencia CF,real_sociedad,Real Sociedad,random_forest_sports,0.455376862437655,0.3037628903372018,0.24086024722514324,H,0.15161397210045324,medium,False,preseason_static,True
laliga_102318,2026/27,7,2026-09-20,,,villarreal,Villarreal CF,levante,Levante UD,random_forest_sports,0.5115791588228626,0.2803243540019824,0.20809648717515494,H,0.23125480482088023,medium,False,preseason_static,True
laliga_102319,2026/27,8,2026-10-11,,,alaves,Deportivo Alavés,atletico_madrid,Atlético de Madrid,random_forest_sports,0.3309658893795878,0.30957496731954054,0.35945914330087175,A,0.028493253921283934,low,False,preseason_static,True
laliga_102320,2026/27,8,2026-10-11,,,betis,Real Betis,osasuna,CA Osasuna,random_forest_sports,0.49069349389466616,0.29859899267337014,0.2107075134319637,H,0.192094501221296,medium,False,preseason_static,True
laliga_102321,2026/27,8,2026-10-11,,,elche,Elche CF,celta,RC Celta,random_forest_sports,0.3848248796698475,0.31448145535539074,0.3006936649747617,H,0.07034342431445678,low,False,preseason_static,True
laliga_102322,2026/27,8,2026-10-11,,,barcelona,FC Barcelona,getafe,Getafe CF,random_forest_sports,0.6202192840597097,0.22444010242503185,0.15534061351525844,H,0.39577918163467785,high,False,preseason_static,True
laliga_102323,2026/27,8,2026-10-11,,,levante,Levante UD,sevilla,Sevilla FC,random_forest_sports,0.4517261633350131,0.30346606262720593,0.24480777403778098,H,0.14826010070780715,medium,False,preseason_static,True
laliga_102324,2026/27,8,2026-10-11,,,malaga,Málaga CF,espanyol,RCD Espanyol de Barcelona,random_forest_sports,0.4473784633315783,0.28528357530107556,0.26733796136734606,H,0.16209488803050276,low,False,preseason_static,True
laliga_102325,2026/27,8,2026-10-11,,,racing_santander,R. Racing Club,valencia,Valencia CF,random_forest_sports,0.42707650572998695,0.2872431597857485,0.2856803344842646,H,0.13983334594423846,low,False,preseason_static,True
laliga_102326,2026/27,8,2026-10-11,,,vallecano,Rayo Vallecano,athletic_bilbao,Athletic Club,random_forest_sports,0.45525797985345223,0.306413179428854,0.23832884071769378,H,0.14884480042459824,medium,False,preseason_static,True
laliga_102327,2026/27,8,2026-10-11,,,real_madrid,Real Madrid,villarreal,Villarreal CF,random_forest_sports,0.5264463470268741,0.261381385853945,0.21217226711918089,H,0.2650649611729291,medium,False,preseason_static,True
laliga_102328,2026/27,8,2026-10-11,,,real_sociedad,Real Sociedad,deportivo,RC Deportivo,random_forest_sports,0.4298040279546015,0.31547285435272415,0.25472311769267436,H,0.11433117360187733,low,False,preseason_static,True
laliga_102329,2026/27,9,2026-10-18,,,betis,Real Betis,barcelona,FC Barcelona,random_forest_sports,0.30716691289606646,0.28749354980013736,0.4053395373037963,A,0.09817262440772984,medium,False,preseason_static,True
laliga_102330,2026/27,9,2026-10-18,,,celta,RC Celta,alaves,Deportivo Alavés,random_forest_sports,0.42528454773770596,0.3015428325364907,0.27317261972580326,H,0.12374171520121524,medium,False,preseason_static,True
laliga_102331,2026/27,9,2026-10-18,,,deportivo,RC Deportivo,levante,Levante UD,random_forest_sports,0.4143438293899814,0.29468840174509164,0.290967768864927,H,0.11965542764488973,low,False,preseason_static,True
laliga_102332,2026/27,9,2026-10-18,,,espanyol,RCD Espanyol de Barcelona,atletico_madrid,Atlético de Madrid,random_forest_sports,0.3310677136645738,0.30364935782487407,0.36528292851055205,A,0.034215214845978226,low,False,preseason_static,True
laliga_102333,2026/27,9,2026-10-18,,,getafe,Getafe CF,vallecano,Rayo Vallecano,random_forest_sports,0.3917214264833643,0.2978857925524079,0.3103927809642278,H,0.08132864551913649,medium,False,preseason_static,True
laliga_102334,2026/27,9,2026-10-18,,,malaga,Málaga CF,real_sociedad,Real Sociedad,random_forest_sports,0.4376865477596194,0.2918480675669744,0.2704653846734061,H,0.145838480192645,low,False,preseason_static,True
laliga_102335,2026/27,9,2026-10-18,,,osasuna,CA Osasuna,racing_santander,R. Racing Club,random_forest_sports,0.3961117439714635,0.33455426310777797,0.26933399292075844,H,0.06155748086368551,low,False,preseason_static,True
laliga_102336,2026/27,9,2026-10-18,,,real_madrid,Real Madrid,sevilla,Sevilla FC,random_forest_sports,0.5827891377231428,0.24861770725149007,0.168593155025367,H,0.3341714304716527,medium,False,preseason_static,True
laliga_102337,2026/27,9,2026-10-18,,,valencia,Valencia CF,athletic_bilbao,Athletic Club,random_forest_sports,0.44006115101846305,0.29934664326522403,0.26059220571631303,H,0.14071450775323902,medium,False,preseason_static,True
laliga_102338,2026/27,9,2026-10-18,,,villarreal,Villarreal CF,elche,Elche CF,random_forest_sports,0.5641034390474131,0.24965608606730139,0.18624047488528542,H,0.3144473529801117,medium,False,preseason_static,True
laliga_102339,2026/27,10,2026-10-25,,,alaves,Deportivo Alavés,malaga,Málaga CF,random_forest_sports,0.4260369157307666,0.31727603471450205,0.2566870495547313,H,0.10876088101626452,low,False,preseason_static,True
laliga_102340,2026/27,10,2026-10-25,,,athletic_bilbao,Athletic Club,getafe,Getafe CF,random_forest_sports,0.45020230605785744,0.28942774896737944,0.26036994497476307,H,0.160774557090478,medium,False,preseason_static,True
laliga_102341,2026/27,10,2026-10-25,,,atletico_madrid,Atlético de Madrid,deportivo,RC Deportivo,random_forest_sports,0.4819520961991403,0.2941928256938084,0.22385507810705124,H,0.18775927050533192,low,False,preseason_static,True
laliga_102342,2026/27,10,2026-10-25,,,celta,RC Celta,betis,Real Betis,random_forest_sports,0.36367984026651945,0.30399773217154036,0.33232242756194,H,0.031357412704579424,low,False,preseason_static,True
laliga_102343,2026/27,10,2026-10-25,,,barcelona,FC Barcelona,real_madrid,Real Madrid,random_forest_sports,0.49560512963653747,0.27274976863684797,0.2316451017266145,H,0.2228553609996895,medium,False,preseason_static,True
laliga_102344,2026/27,10,2026-10-25,,,racing_santander,R. Racing Club,espanyol,RCD Espanyol de Barcelona,random_forest_sports,0.4767356292615924,0.2858479437361493,0.23741642700225815,H,0.1908876855254431,low,False,preseason_static,True
laliga_102345,2026/27,10,2026-10-25,,,vallecano,Rayo Vallecano,elche,Elche CF,random_forest_sports,0.4765336240338497,0.284374391050156,0.23909198491599437,H,0.1921592329836937,medium,False,preseason_static,True
laliga_102346,2026/27,10,2026-10-25,,,real_sociedad,Real Sociedad,levante,Levante UD,random_forest_sports,0.41695948515132336,0.31355215776068857,0.269488357087988,H,0.1034073273906348,medium,False,preseason_static,True
laliga_102347,2026/27,10,2026-10-25,,,sevilla,Sevilla FC,osasuna,CA Osasuna,random_forest_sports,0.421468208145978,0.3159386350894619,0.26259315676456013,H,0.10552957305651611,medium,False,preseason_static,True
laliga_102348,2026/27,10,2026-10-25,,,valencia,Valencia CF,villarreal,Villarreal CF,random_forest_sports,0.33142842908361103,0.29587665429469345,0.3726949166216955,A,0.041266487538084484,low,False,preseason_static,True
laliga_102349,2026/27,11,2026-11-01,,,athletic_bilbao,Athletic Club,real_sociedad,Real Sociedad,random_forest_sports,0.4479638198624039,0.3039846054617606,0.24805157467583552,H,0.14397921440064332,medium,False,preseason_static,True
laliga_102350,2026/27,11,2026-11-01,,,betis,Real Betis,malaga,Málaga CF,random_forest_sports,0.501731043404936,0.2825928236281973,0.21567613296686675,H,0.2191382197767387,low,False,preseason_static,True
laliga_102351,2026/27,11,2026-11-01,,,deportivo,RC Deportivo,osasuna,CA Osasuna,random_forest_sports,0.4349906724338275,0.29678449754725544,0.2682248300189171,H,0.13820617488657205,low,False,preseason_static,True
laliga_102352,2026/27,11,2026-11-01,,,elche,Elche CF,valencia,Valencia CF,random_forest_sports,0.3948432154318603,0.3063483383522832,0.2988084462158564,H,0.0884948770795771,medium,False,preseason_static,True
laliga_102353,2026/27,11,2026-11-01,,,barcelona,FC Barcelona,alaves,Deportivo Alavés,random_forest_sports,0.5914364704807691,0.24186375764716234,0.16669977187206844,H,0.34957271283360675,medium,False,preseason_static,True
laliga_102354,2026/27,11,2026-11-01,,,getafe,Getafe CF,sevilla,Sevilla FC,random_forest_sports,0.43591498331079265,0.31168660447367563,0.2523984122155317,H,0.12422837883711702,medium,False,preseason_static,True
laliga_102355,2026/27,11,2026-11-01,,,levante,Levante UD,atletico_madrid,Atlético de Madrid,random_forest_sports,0.33757563937161017,0.31561529011708256,0.3468090705113072,A,0.009233431139697046,low,False,preseason_static,True
laliga_102356,2026/27,11,2026-11-01,,,racing_santander,R. Racing Club,real_madrid,Real Madrid,random_forest_sports,0.32544146617530473,0.2925675715454992,0.381990962279196,A,0.05654949610389126,low,False,preseason_static,True
laliga_102357,2026/27,11,2026-11-01,,,vallecano,Rayo Vallecano,celta,RC Celta,random_forest_sports,0.43759975593631156,0.30444077040342926,0.2579594736602591,H,0.1331589855328823,medium,False,preseason_static,True
laliga_102358,2026/27,11,2026-11-01,,,villarreal,Villarreal CF,espanyol,RCD Espanyol de Barcelona,random_forest_sports,0.5273759853099953,0.2785848026381308,0.19403921205187388,H,0.2487911826718645,medium,False,preseason_static,True
laliga_102359,2026/27,12,2026-11-08,,,atletico_madrid,Atlético de Madrid,barcelona,FC Barcelona,random_forest_sports,0.3050608029101326,0.29453554847064595,0.40040364861922156,A,0.09534284570908896,medium,False,preseason_static,True
laliga_102360,2026/27,12,2026-11-08,,,celta,RC Celta,levante,Levante UD,random_forest_sports,0.42611432445969777,0.30485343189222713,0.2690322436480752,H,0.12126089256747064,medium,False,preseason_static,True
laliga_102361,2026/27,12,2026-11-08,,,elche,Elche CF,betis,Real Betis,random_forest_sports,0.32545799887889254,0.2944587301906429,0.3800832709304646,A,0.05462527205157208,low,False,preseason_static,True
laliga_102362,2026/27,12,2026-11-08,,,espanyol,RCD Espanyol de Barcelona,deportivo,RC Deportivo,random_forest_sports,0.4307151077680741,0.3128897833464314,0.2563951088854945,H,0.11782532442164267,low,False,preseason_static,True
laliga_102363,2026/27,12,2026-11-08,,,malaga,Málaga CF,racing_santander,R. Racing Club,random_forest_sports,0.4203805667057111,0.2870965394635446,0.29252289383074426,H,0.12785767287496685,low,False,preseason_static,True
laliga_102364,2026/27,12,2026-11-08,,,osasuna,CA Osasuna,athletic_bilbao,Athletic Club,random_forest_sports,0.4019777508659058,0.3122810712383091,0.28574117789578507,H,0.0896966796275967,medium,False,preseason_static,True
laliga_102365,2026/27,12,2026-11-08,,,real_sociedad,Real Sociedad,vallecano,Rayo Vallecano,random_forest_sports,0.37509507358996746,0.3154440163390802,0.3094609100709524,H,0.05965105725088726,low,False,preseason_static,True
laliga_102366,2026/27,12,2026-11-08,,,sevilla,Sevilla FC,alaves,Deportivo Alavés,random_forest_sports,0.4017485001324982,0.3075569951246731,0.2906945047428287,H,0.09419150500782508,medium,False,preseason_static,True
laliga_102367,2026/27,12,2026-11-08,,,valencia,Valencia CF,real_madrid,Real Madrid,random_forest_sports,0.2941117716688887,0.2867187134504634,0.419169514880648,A,0.12505774321175933,medium,False,preseason_static,True
laliga_102368,2026/27,12,2026-11-08,,,villarreal,Villarreal CF,getafe,Getafe CF,random_forest_sports,0.5470397165554166,0.2573796052474562,0.19558067819712716,H,0.28966011130796043,medium,False,preseason_static,True
laliga_102369,2026/27,13,2026-11-22,,,alaves,Deportivo Alavés,deportivo,RC Deportivo,random_forest_sports,0.4450076644814542,0.3021202862647777,0.25287204925376805,H,0.14288737821667646,low,False,preseason_static,True
laliga_102370,2026/27,13,2026-11-22,,,athletic_bilbao,Athletic Club,espanyol,RCD Espanyol de Barcelona,random_forest_sports,0.42624089851692676,0.309073592064733,0.2646855094183403,H,0.11716730645219375,medium,False,preseason_static,True
laliga_102371,2026/27,13,2026-11-22,,,barcelona,FC Barcelona,villarreal,Villarreal CF,random_forest_sports,0.5364824319730153,0.26356664228315646,0.1999509257438283,H,0.2729157896898588,medium,False,preseason_static,True
laliga_102372,2026/27,13,2026-11-22,,,getafe,Getafe CF,atletico_madrid,Atlético de Madrid,random_forest_sports,0.3254476619949058,0.29999864893521966,0.3745536890698746,A,0.04910602707496875,low,False,preseason_static,True
laliga_102373,2026/27,13,2026-11-22,,,levante,Levante UD,elche,Elche CF,random_forest_sports,0.46718353950364766,0.286728678418302,0.24608778207805043,H,0.18045486108534564,medium,False,preseason_static,True
laliga_102374,2026/27,13,2026-11-22,,,osasuna,CA Osasuna,malaga,Málaga CF,random_forest_sports,0.4026706869568909,0.3308301315850455,0.26649918145806367,H,0.07184055537184542,low,False,preseason_static,True
laliga_102375,2026/27,13,2026-11-22,,,racing_santander,R. Racing Club,real_sociedad,Real Sociedad,random_forest_sports,0.45583196317062513,0.2822889433970567,0.2618790934323183,H,0.17354301977356845,low,False,preseason_static,True
laliga_102376,2026/27,13,2026-11-22,,,vallecano,Rayo Vallecano,valencia,Valencia CF,random_forest_sports,0.4547725249998756,0.292339730161676,0.25288774483844845,H,0.16243279483819956,medium,False,preseason_static,True
laliga_102377,2026/27,13,2026-11-22,,,real_madrid,Real Madrid,celta,RC Celta,random_forest_sports,0.5915647295217268,0.24591319070118264,0.16252207977709054,H,0.3456515388205441,medium,False,preseason_static,True
laliga_102378,2026/27,13,2026-11-22,,,sevilla,Sevilla FC,betis,Real Betis,random_forest_sports,0.318866190077351,0.30422221922192405,0.37691159070072494,A,0.05804540062337393,low,False,preseason_static,True
laliga_102379,2026/27,14,2026-11-29,,,betis,Real Betis,vallecano,Rayo Vallecano,random_forest_sports,0.4550050809595415,0.29642401159873066,0.24857090744172786,H,0.15858106936081084,medium,False,preseason_static,True
laliga_102380,2026/27,14,2026-11-29,,,celta,RC Celta,villarreal,Villarreal CF,random_forest_sports,0.33403438864093443,0.3085155081010224,0.35745010325804316,A,0.02341571461710873,low,False,preseason_static,True
laliga_102381,2026/27,14,2026-11-29,,,deportivo,RC Deportivo,barcelona,FC Barcelona,random_forest_sports,0.3047475197415337,0.27989610652804164,0.4153563737304247,A,0.11060885398889103,low,False,preseason_static,True
laliga_102382,2026/27,14,2026-11-29,,,elche,Elche CF,atletico_madrid,Atlético de Madrid,random_forest_sports,0.3258281450901828,0.2959407794976325,0.37823107541218476,A,0.05240293032200194,low,False,preseason_static,True
laliga_102383,2026/27,14,2026-11-29,,,espanyol,RCD Espanyol de Barcelona,getafe,Getafe CF,random_forest_sports,0.43286967645895824,0.29108398549992454,0.2760463380411172,H,0.1417856909590337,medium,False,preseason_static,True
laliga_102384,2026/27,14,2026-11-29,,,levante,Levante UD,racing_santander,R. Racing Club,random_forest_sports,0.4421636193444845,0.302104039262444,0.25573234139307155,H,0.1400595800820405,low,False,preseason_static,True
laliga_102385,2026/27,14,2026-11-29,,,malaga,Málaga CF,athletic_bilbao,Athletic Club,random_forest_sports,0.42718773243686575,0.2946679473209239,0.2781443202422104,H,0.13251978511594187,low,False,preseason_static,True
laliga_102386,2026/27,14,2026-11-29,,,real_madrid,Real Madrid,alaves,Deportivo Alavés,random_forest_sports,0.5850115089862381,0.2403485129466049,0.17463997806715703,H,0.34466299603963324,medium,False,preseason_static,True
laliga_102387,2026/27,14,2026-11-29,,,real_sociedad,Real Sociedad,sevilla,Sevilla FC,random_forest_sports,0.4214197449111798,0.3101563059797263,0.26842394910909395,H,0.11126343893145346,medium,False,preseason_static,True
laliga_102388,2026/27,14,2026-11-29,,,valencia,Valencia CF,osasuna,CA Osasuna,random_forest_sports,0.4456313572509138,0.30242608766656864,0.25194255508251756,H,0.14320526958434515,medium,False,preseason_static,True
laliga_102389,2026/27,15,2026-12-06,,,alaves,Deportivo Alavés,espanyol,RCD Espanyol de Barcelona,random_forest_sports,0.42983119306526274,0.30918656663427496,0.2609822403004623,H,0.12064462643098778,medium,False,preseason_static,True
laliga_102390,2026/27,15,2026-12-06,,,athletic_bilbao,Athletic Club,real_madrid,Real Madrid,random_forest_sports,0.28142628198861197,0.29605144695917573,0.42252227105221224,A,0.1264708240930365,medium,False,preseason_static,True
laliga_102391,2026/27,15,2026-12-06,,,atletico_madrid,Atlético de Madrid,betis,Real Betis,random_forest_sports,0.40524747908301934,0.3140321270339201,0.2807203938830607,H,0.09121535204909925,medium,False,preseason_static,True
laliga_102392,2026/27,15,2026-12-06,,,barcelona,FC Barcelona,celta,RC Celta,random_forest_sports,0.6131064557602197,0.2367524715610839,0.15014107267869645,H,0.3763539841991358,high,False,preseason_static,True
laliga_102393,2026/27,15,2026-12-06,,,getafe,Getafe CF,valencia,Valencia CF,random_forest_sports,0.4010912187009522,0.2984170933535444,0.3004916879455034,H,0.10059953075544881,medium,False,preseason_static,True
laliga_102394,2026/27,15,2026-12-06,,,osasuna,CA Osasuna,elche,Elche CF,random_forest_sports,0.4411447790469816,0.294734649338159,0.26412057161485936,H,0.1464101297088226,medium,False,preseason_static,True
laliga_102395,2026/27,15,2026-12-06,,,racing_santander,R. Racing Club,deportivo,RC Deportivo,random_forest_sports,0.4964357993443962,0.2812437369745309,0.22232046368107297,H,0.21519206236986527,low,False,preseason_static,True
laliga_102396,2026/27,15,2026-12-06,,,vallecano,Rayo Vallecano,levante,Levante UD,random_forest_sports,0.4396739617800494,0.30184253592073085,0.2584835022992196,H,0.13783142585931857,medium,False,preseason_static,True
laliga_102397,2026/27,15,2026-12-06,,,sevilla,Sevilla FC,malaga,Málaga CF,random_forest_sports,0.41688516650860136,0.3199750749892269,0.26313975850217175,H,0.09691009151937446,low,False,preseason_static,True
laliga_102398,2026/27,15,2026-12-06,,,villarreal,Villarreal CF,real_sociedad,Real Sociedad,random_forest_sports,0.5277394283674366,0.277228006539839,0.19503256509272454,H,0.2505114218275976,medium,False,preseason_static,True
laliga_102399,2026/27,16,2026-12-13,,,atletico_madrid,Atlético de Madrid,valencia,Valencia CF,random_forest_sports,0.4713592349233282,0.2952529715595093,0.23338779351716243,H,0.1761062633638189,medium,False,preseason_static,True
laliga_102400,2026/27,16,2026-12-13,,,betis,Real Betis,racing_santander,R. Racing Club,random_forest_sports,0.4797738046774009,0.29076574374111636,0.22946045158148282,H,0.18900806093628453,low,False,preseason_static,True
laliga_102401,2026/27,16,2026-12-13,,,deportivo,RC Deportivo,athletic_bilbao,Athletic Club,random_forest_sports,0.4209971789830443,0.2993596363276587,0.279643184689297,H,0.12163754265538557,low,False,preseason_static,True
laliga_102402,2026/27,16,2026-12-13,,,elche,Elche CF,sevilla,Sevilla FC,random_forest_sports,0.4328708065049127,0.31168417535738446,0.25544501813770276,H,0.12118663114752826,medium,False,preseason_static,True
laliga_102403,2026/27,16,2026-12-13,,,espanyol,RCD Espanyol de Barcelona,celta,RC Celta,random_forest_sports,0.3865204571528601,0.31565091007152885,0.2978286327756111,H,0.07086954708133125,low,False,preseason_static,True
laliga_102404,2026/27,16,2026-12-13,,,levante,Levante UD,alaves,Deportivo Alavés,random_forest_sports,0.4461491766510525,0.30001872299700716,0.25383210035194037,H,0.14613045365404537,medium,False,preseason_static,True
laliga_102405,2026/27,16,2026-12-13,,,malaga,Málaga CF,barcelona,FC Barcelona,random_forest_sports,0.3082254631616258,0.283989309981011,0.4077852268573631,A,0.09955976369573732,low,False,preseason_static,True
laliga_102406,2026/27,16,2026-12-13,,,real_madrid,Real Madrid,osasuna,CA Osasuna,random_forest_sports,0.5739264510514629,0.2532092672496104,0.17286428169892662,H,0.3207171838018525,medium,False,preseason_static,True
laliga_102407,2026/27,16,2026-12-13,,,real_sociedad,Real Sociedad,getafe,Getafe CF,random_forest_sports,0.43808799253271447,0.2924112498488436,0.2695007576184419,H,0.14567674268387087,medium,False,preseason_static,True
laliga_102408,2026/27,16,2026-12-13,,,villarreal,Villarreal CF,vallecano,Rayo Vallecano,random_forest_sports,0.5084454427231527,0.2779914054291128,0.2135631518477345,H,0.2304540372940399,medium,False,preseason_static,True
laliga_102409,2026/27,17,2026-12-20,,,alaves,Deportivo Alavés,elche,Elche CF,random_forest_sports,0.4625865880699874,0.28820049381821,0.24921291811180257,H,0.17438609425177742,medium,False,preseason_static,True
laliga_102410,2026/27,17,2026-12-20,,,athletic_bilbao,Athletic Club,betis,Real Betis,random_forest_sports,0.32741018902027735,0.31357199506312744,0.35901781591659515,A,0.0316076268963178,low,False,preseason_static,True
laliga_102411,2026/27,17,2026-12-20,,,celta,RC Celta,atletico_madrid,Atlético de Madrid,random_forest_sports,0.3602851321705751,0.29793733362578245,0.3417775342036425,H,0.018507597966932632,low,False,preseason_static,True
laliga_102412,2026/27,17,2026-12-20,,,deportivo,RC Deportivo,real_madrid,Real Madrid,random_forest_sports,0.3148928701373257,0.2951267470760254,0.38998038278664887,A,0.07508751264932317,low,False,preseason_static,True
laliga_102413,2026/27,17,2026-12-20,,,barcelona,FC Barcelona,real_sociedad,Real Sociedad,random_forest_sports,0.6024580634926396,0.2401523435309808,0.15738959297637953,H,0.36230571996165883,high,False,preseason_static,True
laliga_102414,2026/27,17,2026-12-20,,,getafe,Getafe CF,levante,Levante UD,random_forest_sports,0.4331167424356436,0.30411938176262265,0.2627638758017337,H,0.12899736067302092,medium,False,preseason_static,True
laliga_102415,2026/27,17,2026-12-20,,,osasuna,CA Osasuna,villarreal,Villarreal CF,random_forest_sports,0.3063738830458232,0.31448604394095137,0.37914007301322544,A,0.06465402907227408,low,False,preseason_static,True
laliga_102416,2026/27,17,2026-12-20,,,vallecano,Rayo Vallecano,malaga,Málaga CF,random_forest_sports,0.4701913825727478,0.29439842081709133,0.23541019661016085,H,0.17579296175565645,low,False,preseason_static,True
laliga_102417,2026/27,17,2026-12-20,,,sevilla,Sevilla FC,racing_santander,R. Racing Club,random_forest_sports,0.4031678925239923,0.3223257343900523,0.2745063730859554,H,0.08084215813394002,low,False,preseason_static,True
laliga_102418,2026/27,17,2026-12-20,,,valencia,Valencia CF,espanyol,RCD Espanyol de Barcelona,random_forest_sports,0.4407686669195557,0.3001114257364891,0.2591199073439552,H,0.1406572411830666,medium,False,preseason_static,True
laliga_102419,2026/27,18,2027-01-03,,,betis,Real Betis,alaves,Deportivo Alavés,random_forest_sports,0.49561028065285606,0.2842445212100019,0.22014519813714212,H,0.21136575944285418,medium,False,preseason_static,True
laliga_102420,2026/27,18,2027-01-03,,,celta,RC Celta,deportivo,RC Deportivo,random_forest_sports,0.4572085477753636,0.29582375272287176,0.24696769950176461,H,0.16138479505249187,low,False,preseason_static,True
laliga_102421,2026/27,18,2027-01-03,,,espanyol,RCD Espanyol de Barcelona,barcelona,FC Barcelona,random_forest_sports,0.28193993989441124,0.2834875371618547,0.43457252294373416,A,0.15108498578187946,medium,False,preseason_static,True
laliga_102422,2026/27,18,2027-01-03,,,levante,Levante UD,valencia,Valencia CF,random_forest_sports,0.4148852997623846,0.300880554004935,0.28423414623268034,H,0.11400474575744957,medium,False,preseason_static,True
laliga_102423,2026/27,18,2027-01-03,,,malaga,Málaga CF,elche,Elche CF,random_forest_sports,0.4571937534662203,0.27808014636485795,0.2647261001689217,H,0.17911360710136237,low,False,preseason_static,True
laliga_102424,2026/27,18,2027-01-03,,,racing_santander,R. Racing Club,athletic_bilbao,Athletic Club,random_forest_sports,0.447587755664197,0.28548731245715214,0.2669249318786508,H,0.16210044320704486,low,False,preseason_static,True
laliga_102425,2026/27,18,2027-01-03,,,vallecano,Rayo Vallecano,atletico_madrid,Atlético de Madrid,random_forest_sports,0.36919392561659925,0.30845557702737453,0.3223504973560262,H,0.04684342826057303,low,False,preseason_static,True
laliga_102426,2026/27,18,2027-01-03,,,real_madrid,Real Madrid,getafe,Getafe CF,random_forest_sports,0.6174734292930347,0.22145464711677726,0.16107192359018807,H,0.39601878217625747,high,False,preseason_static,True
laliga_102427,2026/27,18,2027-01-03,,,real_sociedad,Real Sociedad,osasuna,CA Osasuna,random_forest_sports,0.42763794821854056,0.3062081174780504,0.26615393430340917,H,0.12142983074049019,medium,False,preseason_static,True
laliga_102428,2026/27,18,2027-01-03,,,villarreal,Villarreal CF,sevilla,Sevilla FC,random_forest_sports,0.5288099838646102,0.2783494055951112,0.19284061054027862,H,0.250460578269499,medium,False,preseason_static,True
laliga_102429,2026/27,19,2027-01-10,,,alaves,Deportivo Alavés,real_sociedad,Real Sociedad,random_forest_sports,0.44205720081923416,0.3078076264675581,0.2501351727132078,H,0.13424957435167606,medium,False,preseason_static,True
laliga_102430,2026/27,19,2027-01-10,,,athletic_bilbao,Athletic Club,villarreal,Villarreal CF,random_forest_sports,0.31045745666174224,0.30674345951183124,0.3827990838264265,A,0.07234162716468429,low,False,preseason_static,True
laliga_102431,2026/27,19,2027-01-10,,,atletico_madrid,Atlético de Madrid,racing_santander,R. Racing Club,random_forest_sports,0.4570066706106104,0.30530313790275393,0.23769019148663575,H,0.15170353270785647,low,False,preseason_static,True
laliga_102432,2026/27,19,2027-01-10,,,deportivo,RC Deportivo,vallecano,Rayo Vallecano,random_forest_sports,0.3806855988689722,0.29601342106228573,0.32330098006874214,H,0.05738461880023005,low,False,preseason_static,True
laliga_102433,2026/27,19,2027-01-10,,,elche,Elche CF,getafe,Getafe CF,random_forest_sports,0.43107814973821124,0.2903433264611967,0.27857852380059206,H,0.14073482327701453,medium,False,preseason_static,True
laliga_102434,2026/27,19,2027-01-10,,,espanyol,RCD Espanyol de Barcelona,betis,Real Betis,random_forest_sports,0.3232322162367504,0.30507164714006196,0.3716961366231877,A,0.048463920386437265,low,False,preseason_static,True
laliga_102435,2026/27,19,2027-01-10,,,osasuna,CA Osasuna,barcelona,FC Barcelona,random_forest_sports,0.2748933942044217,0.2880926366623676,0.43701396913321067,A,0.14892133247084305,medium,False,preseason_static,True
laliga_102436,2026/27,19,2027-01-10,,,real_madrid,Real Madrid,levante,Levante UD,random_forest_sports,0.5810657842713425,0.2438428728175602,0.1750913429110974,H,0.33722291145378225,medium,False,preseason_static,True
laliga_102437,2026/27,19,2027-01-10,,,sevilla,Sevilla FC,celta,RC Celta,random_forest_sports,0.38665850038928556,0.31591896452771906,0.2974225350829953,H,0.0707395358615665,low,False,preseason_static,True
laliga_102438,2026/27,19,2027-01-10,,,valencia,Valencia CF,malaga,Málaga CF,random_forest_sports,0.47357516222012347,0.29182202267790014,0.23460281510197636,H,0.18175313954222333,low,False,preseason_static,True
laliga_102439,2026/27,20,2027-01-17,,,atletico_madrid,Atlético de Madrid,real_sociedad,Real Sociedad,random_forest_sports,0.49580447228514574,0.2973898671305082,0.2068056605843461,H,0.19841460515463755,medium,False,preseason_static,True
laliga_102440,2026/27,20,2027-01-17,,,betis,Real Betis,deportivo,RC Deportivo,random_forest_sports,0.5064791191518087,0.2855171683389299,0.20800371250926145,H,0.22096195081287873,low,False,preseason_static,True
laliga_102441,2026/27,20,2027-01-17,,,celta,RC Celta,valencia,Valencia CF,random_forest_sports,0.4204135462825502,0.30212748469208534,0.2774589690253644,H,0.11828606159046484,medium,False,preseason_static,True
laliga_102442,2026/27,20,2027-01-17,,,barcelona,FC Barcelona,elche,Elche CF,random_forest_sports,0.6165764836900076,0.22611821310395638,0.15730530320603595,H,0.3904582705860512,high,False,preseason_static,True
laliga_102443,2026/27,20,2027-01-17,,,getafe,Getafe CF,athletic_bilbao,Athletic Club,random_forest_sports,0.4238548983857421,0.3111658679706589,0.26497923364359904,H,0.11268903041508316,medium,False,preseason_static,True
laliga_102444,2026/27,20,2027-01-17,,,levante,Levante UD,espanyol,RCD Espanyol de Barcelona,random_forest_sports,0.4461254279072451,0.30484106146379586,0.2490335106289591,H,0.14128436644344922,medium,False,preseason_static,True
laliga_102445,2026/27,20,2027-01-17,,,malaga,Málaga CF,real_madrid,Real Madrid,random_forest_sports,0.3202019946529902,0.2881448548949959,0.3916531504520138,A,0.07145115579902361,low,False,preseason_static,True
laliga_102446,2026/27,20,2027-01-17,,,racing_santander,R. Racing Club,osasuna,CA Osasuna,random_forest_sports,0.4738059260845376,0.2867986003525935,0.2393954735628689,H,0.18700732573194406,low,False,preseason_static,True
laliga_102447,2026/27,20,2027-01-17,,,vallecano,Rayo Vallecano,sevilla,Sevilla FC,random_forest_sports,0.4630470534003251,0.3038042512020473,0.23314869539762756,H,0.1592428021982778,medium,False,preseason_static,True
laliga_102448,2026/27,20,2027-01-17,,,villarreal,Villarreal CF,alaves,Deportivo Alavés,random_forest_sports,0.5244452756141146,0.2739116126323753,0.20164311175351016,H,0.2505336629817393,medium,False,preseason_static,True
laliga_102449,2026/27,21,2027-01-24,,,alaves,Deportivo Alavés,barcelona,FC Barcelona,random_forest_sports,0.2841791334398282,0.2813709497957326,0.43444991676443917,A,0.15027078332461097,medium,False,preseason_static,True
laliga_102450,2026/27,21,2027-01-24,,,athletic_bilbao,Athletic Club,levante,Levante UD,random_forest_sports,0.4154127810447425,0.30743323271388523,0.2771539862413722,H,0.10797954833085727,medium,False,preseason_static,True
laliga_102451,2026/27,21,2027-01-24,,,deportivo,RC Deportivo,atletico_madrid,Atlético de Madrid,random_forest_sports,0.3440606838025148,0.3023433751176104,0.35359594107987485,A,0.009535257277360043,low,False,preseason_static,True
laliga_102452,2026/27,21,2027-01-24,,,elche,Elche CF,vallecano,Rayo Vallecano,random_forest_sports,0.38038898584729713,0.30785765450601366,0.31175335964668927,H,0.06863562620060787,low,False,preseason_static,True
laliga_102453,2026/27,21,2027-01-24,,,espanyol,RCD Espanyol de Barcelona,villarreal,Villarreal CF,random_forest_sports,0.31937630961721114,0.3036639871838531,0.37695970319893585,A,0.05758339358172471,low,False,preseason_static,True
laliga_102454,2026/27,21,2027-01-24,,,getafe,Getafe CF,osasuna,CA Osasuna,random_forest_sports,0.4296918407501664,0.31790402804767715,0.25240413120215655,H,0.11178781270248928,medium,False,preseason_static,True
laliga_102455,2026/27,21,2027-01-24,,,racing_santander,R. Racing Club,celta,RC Celta,random_forest_sports,0.41449804110346183,0.2943363879099997,0.2911655709865384,H,0.12016165319346211,low,False,preseason_static,True
laliga_102456,2026/27,21,2027-01-24,,,real_madrid,Real Madrid,betis,Real Betis,random_forest_sports,0.5324829214342081,0.27275073657136806,0.19476634199442397,H,0.25973218486284,medium,False,preseason_static,True
laliga_102457,2026/27,21,2027-01-24,,,real_sociedad,Real Sociedad,malaga,Málaga CF,random_forest_sports,0.41015964101378133,0.32813162801279644,0.2617087309734224,H,0.08202801300098489,low,False,preseason_static,True
laliga_102458,2026/27,21,2027-01-24,,,valencia,Valencia CF,sevilla,Sevilla FC,random_forest_sports,0.4498557106364983,0.29794201071021,0.2522022786532917,H,0.15191369992628834,medium,False,preseason_static,True
laliga_102459,2026/27,22,2027-01-31,,,atletico_madrid,Atlético de Madrid,espanyol,RCD Espanyol de Barcelona,random_forest_sports,0.4898585130253945,0.2902649699632248,0.21987651701138067,H,0.1995935430621697,medium,False,preseason_static,True
laliga_102460,2026/27,22,2027-01-31,,,betis,Real Betis,elche,Elche CF,random_forest_sports,0.5228386505900118,0.2675269189146251,0.20963443049536323,H,0.2553117316753867,medium,False,preseason_static,True
laliga_102461,2026/27,22,2027-01-31,,,celta,RC Celta,getafe,Getafe CF,random_forest_sports,0.4554098728387392,0.2867293026412057,0.2578608245200551,H,0.16868057019753346,medium,False,preseason_static,True
laliga_102462,2026/27,22,2027-01-31,,,barcelona,FC Barcelona,valencia,Valencia CF,random_forest_sports,0.6159759482290262,0.23247348585351374,0.15155056591746002,H,0.3835024623755125,high,False,preseason_static,True
laliga_102463,2026/27,22,2027-01-31,,,levante,Levante UD,real_sociedad,Real Sociedad,random_forest_sports,0.4444424635387037,0.3061029439895725,0.24945459247172386,H,0.1383395195491312,medium,False,preseason_static,True
laliga_102464,2026/27,22,2027-01-31,,,malaga,Málaga CF,alaves,Deportivo Alavés,random_forest_sports,0.440185705235776,0.2866433963427036,0.27317089842152037,H,0.1535423088930724,low,False,preseason_static,True
laliga_102465,2026/27,22,2027-01-31,,,osasuna,CA Osasuna,deportivo,RC Deportivo,random_forest_sports,0.41695579623702494,0.3252126666270129,0.2578315371359622,H,0.09174312961001202,low,False,preseason_static,True
laliga_102466,2026/27,22,2027-01-31,,,vallecano,Rayo Vallecano,real_madrid,Real Madrid,random_forest_sports,0.3090020037466938,0.29781106179309985,0.3931869344602063,A,0.08418493071351252,medium,False,preseason_static,True
laliga_102467,2026/27,22,2027-01-31,,,sevilla,Sevilla FC,athletic_bilbao,Athletic Club,random_forest_sports,0.40196016956898994,0.31686719244945666,0.28117263798155334,H,0.08509297711953329,medium,False,preseason_static,True
laliga_102468,2026/27,22,2027-01-31,,,villarreal,Villarreal CF,racing_santander,R. Racing Club,random_forest_sports,0.5060912953076038,0.28269961850095476,0.21120908619144152,H,0.223391676806649,low,False,preseason_static,True
laliga_102469,2026/27,23,2027-02-07,,,alaves,Deportivo Alavés,celta,RC Celta,random_forest_sports,0.39522620703064265,0.3141534935905235,0.2906202993788339,H,0.08107271344011913,medium,False,preseason_static,True
laliga_102470,2026/27,23,2027-02-07,,,athletic_bilbao,Athletic Club,osasuna,CA Osasuna,random_forest_sports,0.4280072776451085,0.3105399328540654,0.26145278950082607,H,0.1174673447910431,medium,False,preseason_static,True
laliga_102471,2026/27,23,2027-02-07,,,betis,Real Betis,sevilla,Sevilla FC,random_forest_sports,0.5018699487516489,0.29110391573586736,0.20702613551248372,H,0.21076603301578156,medium,False,preseason_static,True
laliga_102472,2026/27,23,2027-02-07,,,deportivo,RC Deportivo,malaga,Málaga CF,random_forest_sports,0.4547448799553632,0.2980455072220138,0.24720961282262302,H,0.15669937273334944,low,False,preseason_static,True
laliga_102473,2026/27,23,2027-02-07,,,elche,Elche CF,levante,Levante UD,random_forest_sports,0.434528867941557,0.2975514387075392,0.26791969335090393,H,0.1369774292340178,medium,False,preseason_static,True
laliga_102474,2026/27,23,2027-02-07,,,espanyol,RCD Espanyol de Barcelona,vallecano,Rayo Vallecano,random_forest_sports,0.37526416747367136,0.3105900975570238,0.3141457349693048,H,0.06111843250436655,low,False,preseason_static,True
laliga_102475,2026/27,23,2027-02-07,,,barcelona,FC Barcelona,atletico_madrid,Atlético de Madrid,random_forest_sports,0.5573403244963333,0.2606126299056951,0.18204704559797166,H,0.2967276945906382,medium,False,preseason_static,True
laliga_102476,2026/27,23,2027-02-07,,,getafe,Getafe CF,villarreal,Villarreal CF,random_forest_sports,0.3129107238064121,0.30227317344702404,0.3848161027465639,A,0.07190537894015181,low,False,preseason_static,True
laliga_102477,2026/27,23,2027-02-07,,,real_sociedad,Real Sociedad,real_madrid,Real Madrid,random_forest_sports,0.28039551048279276,0.29092737572264316,0.42867711379456414,A,0.13774973807192098,medium,False,preseason_static,True
laliga_102478,2026/27,23,2027-02-07,,,valencia,Valencia CF,racing_santander,R. Racing Club,random_forest_sports,0.44723101710051777,0.29850544701689335,0.2542635358825889,H,0.14872557008362441,low,False,preseason_static,True
laliga_102479,2026/27,24,2027-02-14,,,celta,RC Celta,vallecano,Rayo Vallecano,random_forest_sports,0.41433698498479293,0.30077391394820074,0.2848891010670064,H,0.11356307103659219,medium,False,preseason_static,True
laliga_102480,2026/27,24,2027-02-14,,,elche,Elche CF,deportivo,RC Deportivo,random_forest_sports,0.4461534174783661,0.3068300902429829,0.24701649227865105,H,0.1393233272353832,low,False,preseason_static,True
laliga_102481,2026/27,24,2027-02-14,,,levante,Levante UD,malaga,Málaga CF,random_forest_sports,0.4471323626373976,0.30353875241313505,0.2493288849494674,H,0.14359361022426254,low,False,preseason_static,True
laliga_102482,2026/27,24,2027-02-14,,,osasuna,CA Osasuna,atletico_madrid,Atlético de Madrid,random_forest_sports,0.3247871848484583,0.3137405615995547,0.361472253551987,A,0.03668506870352867,low,False,preseason_static,True
laliga_102483,2026/27,24,2027-02-14,,,racing_santander,R. Racing Club,getafe,Getafe CF,random_forest_sports,0.46756000493197347,0.26851789239299695,0.2639221026750297,H,0.19904211253897652,low,False,preseason_static,True
laliga_102484,2026/27,24,2027-02-14,,,real_madrid,Real Madrid,athletic_bilbao,Athletic Club,random_forest_sports,0.5817173609284572,0.2474831429787885,0.1707994960927543,H,0.3342342179496687,medium,False,preseason_static,True
laliga_102485,2026/27,24,2027-02-14,,,real_sociedad,Real Sociedad,betis,Real Betis,random_forest_sports,0.3311686911844574,0.3034749135677794,0.3653563952477632,A,0.03418770406330579,low,False,preseason_static,True
laliga_102486,2026/27,24,2027-02-14,,,sevilla,Sevilla FC,espanyol,RCD Espanyol de Barcelona,random_forest_sports,0.4220026352120755,0.3137083599782639,0.26428900480966067,H,0.10829427523381158,medium,False,preseason_static,True
laliga_102487,2026/27,24,2027-02-14,,,valencia,Valencia CF,alaves,Deportivo Alavés,random_forest_sports,0.44061890671492626,0.29329626556218436,0.2660848277228895,H,0.1473226411527419,medium,False,preseason_static,True
laliga_102488,2026/27,24,2027-02-14,,,villarreal,Villarreal CF,barcelona,FC Barcelona,random_forest_sports,0.3176534757563616,0.2877515044219992,0.3945950198216392,A,0.07694154406527759,low,False,preseason_static,True
laliga_102489,2026/27,25,2027-02-21,,,alaves,Deportivo Alavés,racing_santander,R. Racing Club,random_forest_sports,0.4170928337401789,0.317924089259292,0.2649830770005291,H,0.09916874448088692,low,False,preseason_static,True
laliga_102490,2026/27,25,2027-02-21,,,athletic_bilbao,Athletic Club,celta,RC Celta,random_forest_sports,0.38031805353951864,0.31809247934630847,0.30158946711417295,H,0.062225574193210176,low,False,preseason_static,True
laliga_102491,2026/27,25,2027-02-21,,,atletico_madrid,Atlético de Madrid,elche,Elche CF,random_forest_sports,0.5153010167779415,0.27341282905912884,0.21128615416292973,H,0.24188818771881265,medium,False,preseason_static,True
laliga_102492,2026/27,25,2027-02-21,,,deportivo,RC Deportivo,real_sociedad,Real Sociedad,random_forest_sports,0.44222428930864105,0.29292252467092417,0.2648531860204347,H,0.14930176463771688,low,False,preseason_static,True
laliga_102493,2026/27,25,2027-02-21,,,espanyol,RCD Espanyol de Barcelona,osasuna,CA Osasuna,random_forest_sports,0.42446325678290214,0.3096746800262244,0.2658620631908735,H,0.11478857675667775,medium,False,preseason_static,True
laliga_102494,2026/27,25,2027-02-21,,,barcelona,FC Barcelona,levante,Levante UD,random_forest_sports,0.5804471396926423,0.25032970346704253,0.16922315684031522,H,0.33011743622559975,medium,False,preseason_static,True
laliga_102495,2026/27,25,2027-02-21,,,malaga,Málaga CF,betis,Real Betis,random_forest_sports,0.34551297536072295,0.2987765195814618,0.3557105050578152,A,0.010197529697092256,low,False,preseason_static,True
laliga_102496,2026/27,25,2027-02-21,,,vallecano,Rayo Vallecano,getafe,Getafe CF,random_forest_sports,0.4755062232201285,0.27989743954275315,0.24459633723711843,H,0.19560878367737533,medium,False,preseason_static,True
laliga_102497,2026/27,25,2027-02-21,,,sevilla,Sevilla FC,real_madrid,Real Madrid,random_forest_sports,0.28528427943775864,0.2987903119302041,0.4159254086320373,A,0.1171350967018332,medium,False,preseason_static,True
laliga_102498,2026/27,25,2027-02-21,,,villarreal,Villarreal CF,valencia,Valencia CF,random_forest_sports,0.5277872333121079,0.2690329052750041,0.2031798614128879,H,0.25875432803710374,medium,False,preseason_static,True
laliga_102499,2026/27,26,2027-02-28,,,athletic_bilbao,Athletic Club,barcelona,FC Barcelona,random_forest_sports,0.27584193065209406,0.27604713347579873,0.44811093587210726,A,0.17206380239630853,medium,False,preseason_static,True
laliga_102500,2026/27,26,2027-02-28,,,betis,Real Betis,villarreal,Villarreal CF,random_forest_sports,0.3818983058070157,0.30025783432689235,0.3178438598660919,H,0.0640544459409238,low,False,preseason_static,True
laliga_102501,2026/27,26,2027-02-28,,,celta,RC Celta,espanyol,RCD Espanyol de Barcelona,random_forest_sports,0.4372552889557837,0.30128902467324253,0.26145568637097377,H,0.13596626428254116,medium,False,preseason_static,True
laliga_102502,2026/27,26,2027-02-28,,,getafe,Getafe CF,alaves,Deportivo Alavés,random_forest_sports,0.42423720062697834,0.3027843863287983,0.27297841304422343,H,0.12145281429818006,medium,False,preseason_static,True
laliga_102503,2026/27,26,2027-02-28,,,levante,Levante UD,deportivo,RC Deportivo,random_forest_sports,0.4817665500695398,0.2897935518428319,0.22843989808762835,H,0.19197299822670788,low,False,preseason_static,True
laliga_102504,2026/27,26,2027-02-28,,,malaga,Málaga CF,atletico_madrid,Atlético de Madrid,random_forest_sports,0.3482536657462097,0.29804935784231973,0.3536969764114706,A,0.005443310665260881,low,False,preseason_static,True
laliga_102505,2026/27,26,2027-02-28,,,osasuna,CA Osasuna,sevilla,Sevilla FC,random_forest_sports,0.41987708906220783,0.3161875545115784,0.2639353564262139,H,0.10368953455062946,medium,False,preseason_static,True
laliga_102506,2026/27,26,2027-02-28,,,racing_santander,R. Racing Club,vallecano,Rayo Vallecano,random_forest_sports,0.4157758473603236,0.2882191070916123,0.29600504554806406,H,0.11977080181225952,low,False,preseason_static,True
laliga_102507,2026/27,26,2027-02-28,,,real_madrid,Real Madrid,valencia,Valencia CF,random_forest_sports,0.6055605967794102,0.2342465402818715,0.16019286293871837,H,0.3713140564975387,high,False,preseason_static,True
laliga_102508,2026/27,26,2027-02-28,,,real_sociedad,Real Sociedad,elche,Elche CF,random_forest_sports,0.4418835302501942,0.2951989058707466,0.26291756387905907,H,0.14668462437944763,medium,False,preseason_static,True
laliga_102509,2026/27,27,2027-03-07,,,alaves,Deportivo Alavés,athletic_bilbao,Athletic Club,random_forest_sports,0.41051489351833687,0.31121970750343964,0.27826539897822344,H,0.09929518601489723,medium,False,preseason_static,True
laliga_102510,2026/27,27,2027-03-07,,,atletico_madrid,Atlético de Madrid,celta,RC Celta,random_forest_sports,0.45327067594025755,0.30271495001414017,0.2440143740456024,H,0.15055572592611738,medium,False,preseason_static,True
laliga_102511,2026/27,27,2027-03-07,,,deportivo,RC Deportivo,getafe,Getafe CF,random_forest_sports,0.45120820597811334,0.2803396655819496,0.268452128439937,H,0.17086854039616373,low,False,preseason_static,True
laliga_102512,2026/27,27,2027-03-07,,,elche,Elche CF,malaga,Málaga CF,random_forest_sports,0.43218313694346266,0.31456002294566515,0.25325684011087213,H,0.11762311399779751,low,False,preseason_static,True
laliga_102513,2026/27,27,2027-03-07,,,espanyol,RCD Espanyol de Barcelona,racing_santander,R. Racing Club,random_forest_sports,0.4010696014607852,0.32703343720078565,0.27189696133842917,H,0.07403616425999954,low,False,preseason_static,True
laliga_102514,2026/27,27,2027-03-07,,,barcelona,FC Barcelona,betis,Real Betis,random_forest_sports,0.555188550103344,0.26331319215146226,0.18149825774519385,H,0.29187535795188174,medium,False,preseason_static,True
laliga_102515,2026/27,27,2027-03-07,,,vallecano,Rayo Vallecano,osasuna,CA Osasuna,random_forest_sports,0.4530188123871406,0.30875395173054115,0.23822723588231826,H,0.14426486065659944,medium,False,preseason_static,True
laliga_102516,2026/27,27,2027-03-07,,,sevilla,Sevilla FC,real_sociedad,Real Sociedad,random_forest_sports,0.4222406450389167,0.3109596420792977,0.26679971288178567,H,0.11128100295961896,medium,False,preseason_static,True
laliga_102517,2026/27,27,2027-03-07,,,valencia,Valencia CF,levante,Levante UD,random_forest_sports,0.44661849715351976,0.29430688433000474,0.25907461851647556,H,0.15231161282351502,medium,False,preseason_static,True
laliga_102518,2026/27,27,2027-03-07,,,villarreal,Villarreal CF,real_madrid,Real Madrid,random_forest_sports,0.33355627829442014,0.2959401197914779,0.37050360191410203,A,0.03694732361968189,low,False,preseason_static,True
laliga_102519,2026/27,28,2027-03-14,,,alaves,Deportivo Alavés,sevilla,Sevilla FC,random_forest_sports,0.43215346584814684,0.3052785989692307,0.2625679351826225,H,0.12687486687891614,medium,False,preseason_static,True
laliga_102520,2026/27,28,2027-03-14,,,athletic_bilbao,Athletic Club,valencia,Valencia CF,random_forest_sports,0.4009279164938331,0.3099866638502562,0.2890854196559108,H,0.09094125264357689,medium,False,preseason_static,True
laliga_102521,2026/27,28,2027-03-14,,,betis,Real Betis,levante,Levante UD,random_forest_sports,0.48205657423320597,0.289627237448802,0.22831618831799208,H,0.192429336784404,medium,False,preseason_static,True
laliga_102522,2026/27,28,2027-03-14,,,elche,Elche CF,villarreal,Villarreal CF,random_forest_sports,0.3118597151125724,0.29621567032304047,0.39192461456438726,A,0.08006489945181489,medium,False,preseason_static,True
laliga_102523,2026/27,28,2027-03-14,,,barcelona,FC Barcelona,deportivo,RC Deportivo,random_forest_sports,0.6012300527743026,0.23951809911618333,0.15925184810951412,H,0.3617119536581193,low,False,preseason_static,True
laliga_102524,2026/27,28,2027-03-14,,,getafe,Getafe CF,real_sociedad,Real Sociedad,random_forest_sports,0.4365155649347997,0.3132468010569461,0.2502376340082543,H,0.12326876387785363,medium,False,preseason_static,True
laliga_102525,2026/27,28,2027-03-14,,,malaga,Málaga CF,vallecano,Rayo Vallecano,random_forest_sports,0.38796845910363187,0.2927522380129308,0.31927930288343737,H,0.0686891562201945,low,False,preseason_static,True
laliga_102526,2026/27,28,2027-03-14,,,osasuna,CA Osasuna,celta,RC Celta,random_forest_sports,0.37759342813282387,0.32316322582601115,0.29924334604116504,H,0.054430202306812725,low,False,preseason_static,True
laliga_102527,2026/27,28,2027-03-14,,,racing_santander,R. Racing Club,atletico_madrid,Atlético de Madrid,random_forest_sports,0.35435527758901747,0.29980172390281246,0.34584299850817013,H,0.00851227908084734,low,False,preseason_static,True
laliga_102528,2026/27,28,2027-03-14,,,real_madrid,Real Madrid,espanyol,RCD Espanyol de Barcelona,random_forest_sports,0.5789946395916309,0.2482592809452073,0.17274607946316173,H,0.33073535864642356,medium,False,preseason_static,True
laliga_102529,2026/27,29,2027-03-21,,,atletico_madrid,Atlético de Madrid,getafe,Getafe CF,random_forest_sports,0.5098451128323959,0.2716411758378353,0.21851371132976893,H,0.23820393699456055,medium,False,preseason_static,True
laliga_102530,2026/27,29,2027-03-21,,,celta,RC Celta,real_madrid,Real Madrid,random_forest_sports,0.28716434193321727,0.2929742178051546,0.4198614402616282,A,0.1268872224564736,medium,False,preseason_static,True
laliga_102531,2026/27,29,2027-03-21,,,espanyol,RCD Espanyol de Barcelona,athletic_bilbao,Athletic Club,random_forest_sports,0.4013705970090478,0.31407906820661047,0.2845503347843417,H,0.08729152880243735,medium,False,preseason_static,True
laliga_102532,2026/27,29,2027-03-21,,,levante,Levante UD,osasuna,CA Osasuna,random_forest_sports,0.44538165016903564,0.30891803562968523,0.2457003142012791,H,0.1364636145393504,medium,False,preseason_static,True
laliga_102533,2026/27,29,2027-03-21,,,racing_santander,R. Racing Club,betis,Real Betis,random_forest_sports,0.3517685704392552,0.3039075580374212,0.34432387152332344,H,0.007444698915931747,low,False,preseason_static,True
laliga_102534,2026/27,29,2027-03-21,,,vallecano,Rayo Vallecano,barcelona,FC Barcelona,random_forest_sports,0.2973976784229377,0.28383673944081905,0.41876558213624326,A,0.12136790371330558,medium,False,preseason_static,True
laliga_102535,2026/27,29,2027-03-21,,,real_sociedad,Real Sociedad,alaves,Deportivo Alavés,random_forest_sports,0.4192131981457278,0.3004518874211794,0.28033491443309294,H,0.11876131072454837,medium,False,preseason_static,True
laliga_102536,2026/27,29,2027-03-21,,,sevilla,Sevilla FC,elche,Elche CF,random_forest_sports,0.4460773611923516,0.2924238438551221,0.2614987949525264,H,0.15365351733722948,medium,False,preseason_static,True
laliga_102537,2026/27,29,2027-03-21,,,valencia,Valencia CF,deportivo,RC Deportivo,random_forest_sports,0.4758394637707385,0.28956430182102566,0.23459623440823588,H,0.18627516194971283,low,False,preseason_static,True
laliga_102538,2026/27,29,2027-03-21,,,villarreal,Villarreal CF,malaga,Málaga CF,random_forest_sports,0.5303296842769393,0.2698843058962043,0.19978600982685635,H,0.26044537838073495,low,False,preseason_static,True
laliga_102539,2026/27,30,2027-04-04,,,athletic_bilbao,Athletic Club,racing_santander,R. Racing Club,random_forest_sports,0.40340526431638013,0.3286478125603767,0.2679469231232433,H,0.07475745175600346,low,False,preseason_static,True
laliga_102540,2026/27,30,2027-04-04,,,betis,Real Betis,celta,RC Celta,random_forest_sports,0.4590466254979257,0.3002868672443586,0.2406665072577157,H,0.15875975825356708,medium,False,preseason_static,True
laliga_102541,2026/27,30,2027-04-04,,,deportivo,RC Deportivo,villarreal,Villarreal CF,random_forest_sports,0.3265171037546782,0.29986651706793876,0.37361637917738316,A,0.04709927542270498,low,False,preseason_static,True
laliga_102542,2026/27,30,2027-04-04,,,elche,Elche CF,alaves,Deportivo Alavés,random_forest_sports,0.4218337073039512,0.30175321356415735,0.27641307913189145,H,0.12008049373979385,medium,False,preseason_static,True
laliga_102543,2026/27,30,2027-04-04,,,barcelona,FC Barcelona,sevilla,Sevilla FC,random_forest_sports,0.5923850603426828,0.24486705712751536,0.1627478825298019,H,0.34751800321516746,medium,False,preseason_static,True
laliga_102544,2026/27,30,2027-04-04,,,getafe,Getafe CF,espanyol,RCD Espanyol de Barcelona,random_forest_sports,0.4307270277015327,0.31373436969256563,0.2555386026059017,H,0.11699265800896708,medium,False,preseason_static,True
laliga_102545,2026/27,30,2027-04-04,,,levante,Levante UD,vallecano,Rayo Vallecano,random_forest_sports,0.39742202859176184,0.30424344296624545,0.29833452844199276,H,0.0931785856255164,medium,False,preseason_static,True
laliga_102546,2026/27,30,2027-04-04,,,malaga,Málaga CF,osasuna,CA Osasuna,random_forest_sports,0.4469017895284181,0.2914388435207618,0.26165936695082004,H,0.15546294600765626,low,False,preseason_static,True
laliga_102547,2026/27,30,2027-04-04,,,real_madrid,Real Madrid,atletico_madrid,Atlético de Madrid,random_forest_sports,0.5276244201123664,0.2712404838379938,0.2011350960496398,H,0.2563839362743726,medium,False,preseason_static,True
laliga_102548,2026/27,30,2027-04-04,,,real_sociedad,Real Sociedad,valencia,Valencia CF,random_forest_sports,0.3874687874349892,0.3103765210348605,0.3021546915301502,H,0.07709226640012867,low,False,preseason_static,True
laliga_102549,2026/27,31,2027-04-11,,,alaves,Deportivo Alavés,betis,Real Betis,random_forest_sports,0.3219921899744964,0.2989242762998777,0.37908353372562587,A,0.05709134375112945,low,False,preseason_static,True
laliga_102550,2026/27,31,2027-04-11,,,atletico_madrid,Atlético de Madrid,levante,Levante UD,random_forest_sports,0.4722715314011884,0.2952808514162562,0.23244761718255544,H,0.17699067998493218,medium,False,preseason_static,True
laliga_102551,2026/27,31,2027-04-11,,,celta,RC Celta,elche,Elche CF,random_forest_sports,0.4529304340268486,0.2924650748923811,0.2546044910807703,H,0.16046535913446752,medium,False,preseason_static,True
laliga_102552,2026/27,31,2027-04-11,,,espanyol,RCD Espanyol de Barcelona,malaga,Málaga CF,random_forest_sports,0.41333038308586845,0.32408658621184466,0.26258303070228695,H,0.08924379687402378,low,False,preseason_static,True
laliga_102553,2026/27,31,2027-04-11,,,osasuna,CA Osasuna,real_madrid,Real Madrid,random_forest_sports,0.2779516691426373,0.30271719645863815,0.41933113439872444,A,0.11661393794008629,medium,False,preseason_static,True
laliga_102554,2026/27,31,2027-04-11,,,racing_santander,R. Racing Club,barcelona,FC Barcelona,random_forest_sports,0.3199444439585935,0.28821314607815485,0.39184240996325176,A,0.07189796600465825,low,False,preseason_static,True
laliga_102555,2026/27,31,2027-04-11,,,vallecano,Rayo Vallecano,real_sociedad,Real Sociedad,random_forest_sports,0.4648680401025266,0.30229727675689017,0.23283468314058323,H,0.16257076334563642,medium,False,preseason_static,True
laliga_102556,2026/27,31,2027-04-11,,,sevilla,Sevilla FC,deportivo,RC Deportivo,random_forest_sports,0.43594735743073376,0.3083149385186276,0.2557377040506386,H,0.12763241891210614,low,False,preseason_static,True
laliga_102557,2026/27,31,2027-04-11,,,valencia,Valencia CF,getafe,Getafe CF,random_forest_sports,0.473430576007953,0.2785877523257769,0.24798167166626994,H,0.1948428236821761,medium,False,preseason_static,True
laliga_102558,2026/27,31,2027-04-11,,,villarreal,Villarreal CF,athletic_bilbao,Athletic Club,random_forest_sports,0.5095102364800463,0.28765470197630033,0.2028350615436535,H,0.221855534503746,medium,False,preseason_static,True
laliga_102559,2026/27,32,2027-04-18,,,alaves,Deportivo Alavés,vallecano,Rayo Vallecano,random_forest_sports,0.3830042968666878,0.30804491538131884,0.30895078775199336,H,0.07405350911469444,low,False,preseason_static,True
laliga_102560,2026/27,32,2027-04-18,,,atletico_madrid,Atlético de Madrid,sevilla,Sevilla FC,random_forest_sports,0.4888536503999974,0.28944636758552306,0.22169998201447952,H,0.19940728281447434,medium,False,preseason_static,True
laliga_102561,2026/27,32,2027-04-18,,,betis,Real Betis,athletic_bilbao,Athletic Club,random_forest_sports,0.49287767764890095,0.29352277842350344,0.21359954392759567,H,0.1993548992253975,medium,False,preseason_static,True
laliga_102562,2026/27,32,2027-04-18,,,deportivo,RC Deportivo,celta,RC Celta,random_forest_sports,0.39280079951122027,0.3054191087201763,0.30178009176860354,H,0.08738169079104396,low,False,preseason_static,True
laliga_102563,2026/27,32,2027-04-18,,,elche,Elche CF,osasuna,CA Osasuna,random_forest_sports,0.42951655078112716,0.31418788546236714,0.2562955637565056,H,0.11532866531876002,medium,False,preseason_static,True
laliga_102564,2026/27,32,2027-04-18,,,barcelona,FC Barcelona,espanyol,RCD Espanyol de Barcelona,random_forest_sports,0.5900185706399477,0.2447556803194919,0.1652257490405604,H,0.34526289032045576,medium,False,preseason_static,True
laliga_102565,2026/27,32,2027-04-18,,,getafe,Getafe CF,real_madrid,Real Madrid,random_forest_sports,0.27979408351522334,0.28942156086255155,0.430784355622225,A,0.14136279475967345,medium,False,preseason_static,True
laliga_102566,2026/27,32,2027-04-18,,,levante,Levante UD,villarreal,Villarreal CF,random_forest_sports,0.3234855115970136,0.30997956651665354,0.36653492188633285,A,0.043049410289319245,low,False,preseason_static,True
laliga_102567,2026/27,32,2027-04-18,,,malaga,Málaga CF,valencia,Valencia CF,random_forest_sports,0.4041080610132436,0.2959417659392093,0.2999501730475471,H,0.10415788796569647,low,False,preseason_static,True
laliga_102568,2026/27,32,2027-04-18,,,real_sociedad,Real Sociedad,racing_santander,R. Racing Club,random_forest_sports,0.4026631019043446,0.3286957407155491,0.26864115738010624,H,0.07396736118879554,low,False,preseason_static,True
laliga_102569,2026/27,33,2027-04-21,,,athletic_bilbao,Athletic Club,deportivo,RC Deportivo,random_forest_sports,0.4261432431718003,0.31860280192548934,0.2552539549027104,H,0.10754044124631096,low,False,preseason_static,True
laliga_102570,2026/27,33,2027-04-21,,,celta,RC Celta,barcelona,FC Barcelona,random_forest_sports,0.2843973809898199,0.2849649353548609,0.4306376836553193,A,0.1456727483004584,medium,False,preseason_static,True
laliga_102571,2026/27,33,2027-04-21,,,espanyol,RCD Espanyol de Barcelona,real_sociedad,Real Sociedad,random_forest_sports,0.42829349158152047,0.3058359170110342,0.2658705914074454,H,0.12245757457048628,medium,False,preseason_static,True
laliga_102572,2026/27,33,2027-04-21,,,getafe,Getafe CF,betis,Real Betis,random_forest_sports,0.3352866854442709,0.2979250366303079,0.3667882779254213,A,0.031501592481150364,low,False,preseason_static,True
laliga_102573,2026/27,33,2027-04-21,,,osasuna,CA Osasuna,alaves,Deportivo Alavés,random_forest_sports,0.4020074540535413,0.3140039691027357,0.283988576843723,H,0.08800348495080562,medium,False,preseason_static,True
laliga_102574,2026/27,33,2027-04-21,,,racing_santander,R. Racing Club,malaga,Málaga CF,random_forest_sports,0.48718246039854984,0.28514941242732555,0.2276681271741246,H,0.2020330479712243,low,False,preseason_static,True
laliga_102575,2026/27,33,2027-04-21,,,real_madrid,Real Madrid,elche,Elche CF,random_forest_sports,0.6064202114392612,0.22707006642744207,0.16650972213329673,H,0.3793501450118191,high,False,preseason_static,True
laliga_102576,2026/27,33,2027-04-21,,,sevilla,Sevilla FC,levante,Levante UD,random_forest_sports,0.39848205159460387,0.30609645558847337,0.29542149281692276,H,0.0923855960061305,medium,False,preseason_static,True
laliga_102577,2026/27,33,2027-04-21,,,valencia,Valencia CF,vallecano,Rayo Vallecano,random_forest_sports,0.4253541463664895,0.29464951538214845,0.279996338251362,H,0.13070463098434104,medium,False,preseason_static,True
laliga_102578,2026/27,33,2027-04-21,,,villarreal,Villarreal CF,atletico_madrid,Atlético de Madrid,random_forest_sports,0.43722269773104244,0.29953822069955904,0.26323908156939857,H,0.1376844770314834,medium,False,preseason_static,True
laliga_102579,2026/27,34,2027-05-02,,,atletico_madrid,Atlético de Madrid,alaves,Deportivo Alavés,random_forest_sports,0.46952918891380657,0.2920031395226116,0.23846767156358195,H,0.17752604939119498,medium,False,preseason_static,True
laliga_102580,2026/27,34,2027-05-02,,,betis,Real Betis,valencia,Valencia CF,random_forest_sports,0.4686849183484838,0.2906430046018667,0.24067207704964944,H,0.1780419137466171,medium,False,preseason_static,True
laliga_102581,2026/27,34,2027-05-02,,,celta,RC Celta,sevilla,Sevilla FC,random_forest_sports,0.44693184749845677,0.29839827797531576,0.2546698745262274,H,0.148533569523141,medium,False,preseason_static,True
laliga_102582,2026/27,34,2027-05-02,,,deportivo,RC Deportivo,racing_santander,R. Racing Club,random_forest_sports,0.42385790946531465,0.2877369780975898,0.28840511243709555,H,0.1354527970282191,low,False,preseason_static,True
laliga_102583,2026/27,34,2027-05-02,,,elche,Elche CF,espanyol,RCD Espanyol de Barcelona,random_forest_sports,0.4304213152301825,0.31129183323918097,0.2582868515306364,H,0.11912948199100154,medium,False,preseason_static,True
laliga_102584,2026/27,34,2027-05-02,,,barcelona,FC Barcelona,osasuna,CA Osasuna,random_forest_sports,0.5840750039314666,0.24712063537121615,0.16880436069731733,H,0.33695436856025046,medium,False,preseason_static,True
laliga_102585,2026/27,34,2027-05-02,,,levante,Levante UD,real_madrid,Real Madrid,random_forest_sports,0.3006743926706043,0.295625613104667,0.40369999422472874,A,0.10302560155412444,medium,False,preseason_static,True
laliga_102586,2026/27,34,2027-05-02,,,malaga,Málaga CF,getafe,Getafe CF,random_forest_sports,0.45521197981747463,0.2732548942500822,0.2715331259324433,H,0.18195708556739243,low,False,preseason_static,True
laliga_102587,2026/27,34,2027-05-02,,,vallecano,Rayo Vallecano,villarreal,Villarreal CF,random_forest_sports,0.34688843153479565,0.30572867533338594,0.34738289313181836,A,0.0004944615970227106,low,False,preseason_static,True
laliga_102588,2026/27,34,2027-05-02,,,real_sociedad,Real Sociedad,athletic_bilbao,Athletic Club,random_forest_sports,0.4158731351475027,0.30140915626688297,0.2827177085856143,H,0.11446397888061971,medium,False,preseason_static,True
laliga_102589,2026/27,35,2027-05-09,,,alaves,Deportivo Alavés,levante,Levante UD,random_forest_sports,0.41762977210436447,0.3037539666218738,0.2786162612737617,H,0.11387580548249066,medium,False,preseason_static,True
laliga_102590,2026/27,35,2027-05-09,,,athletic_bilbao,Athletic Club,malaga,Málaga CF,random_forest_sports,0.4113391325495881,0.32297326450801034,0.2656876029424015,H,0.08836586804157776,low,False,preseason_static,True
laliga_102591,2026/27,35,2027-05-09,,,betis,Real Betis,espanyol,RCD Espanyol de Barcelona,random_forest_sports,0.49763210644200695,0.2922940462629096,0.21007384729508347,H,0.20533806017909734,medium,False,preseason_static,True
laliga_102592,2026/27,35,2027-05-09,,,getafe,Getafe CF,elche,Elche CF,random_forest_sports,0.4399784199170442,0.30029251847574184,0.2597290616072139,H,0.13968590144130233,medium,False,preseason_static,True
laliga_102593,2026/27,35,2027-05-09,,,osasuna,CA Osasuna,real_sociedad,Real Sociedad,random_forest_sports,0.4215271889968293,0.3039907110087068,0.274482099994464,H,0.1175364779881225,medium,False,preseason_static,True
laliga_102594,2026/27,35,2027-05-09,,,racing_santander,R. Racing Club,sevilla,Sevilla FC,random_forest_sports,0.4719971671298115,0.2907702272172565,0.23723260565293203,H,0.181226939912555,low,False,preseason_static,True
laliga_102595,2026/27,35,2027-05-09,,,vallecano,Rayo Vallecano,deportivo,RC Deportivo,random_forest_sports,0.4861185299020296,0.29290481078993874,0.2209766593080317,H,0.19321371911209084,low,False,preseason_static,True
laliga_102596,2026/27,35,2027-05-09,,,real_madrid,Real Madrid,barcelona,FC Barcelona,random_forest_sports,0.41657575910468403,0.2638383324353245,0.3195859084599915,H,0.09698985064469251,medium,False,preseason_static,True
laliga_102597,2026/27,35,2027-05-09,,,valencia,Valencia CF,atletico_madrid,Atlético de Madrid,random_forest_sports,0.35072854681193955,0.2979865102030718,0.3512849429849888,A,0.0005563961730492561,low,False,preseason_static,True
laliga_102598,2026/27,35,2027-05-09,,,villarreal,Villarreal CF,celta,RC Celta,random_forest_sports,0.5054047529688132,0.28759153934472514,0.20700370768646179,H,0.217813213624088,medium,False,preseason_static,True
laliga_102599,2026/27,36,2027-05-16,,,atletico_madrid,Atlético de Madrid,vallecano,Rayo Vallecano,random_forest_sports,0.4430332355699235,0.2999374720158779,0.25702929241419864,H,0.14309576355404563,medium,False,preseason_static,True
laliga_102600,2026/27,36,2027-05-16,,,deportivo,RC Deportivo,alaves,Deportivo Alavés,random_forest_sports,0.43302669419782885,0.29291700106176605,0.2740563047404052,H,0.1401096931360628,low,False,preseason_static,True
laliga_102601,2026/27,36,2027-05-16,,,elche,Elche CF,athletic_bilbao,Athletic Club,random_forest_sports,0.40447409874038565,0.3066372898363012,0.2888886114233131,H,0.09783680890408447,medium,False,preseason_static,True
laliga_102602,2026/27,36,2027-05-16,,,espanyol,RCD Espanyol de Barcelona,valencia,Valencia CF,random_forest_sports,0.3958225010055511,0.30984241356910186,0.29433508542534714,H,0.08598008743644925,medium,False,preseason_static,True
laliga_102603,2026/27,36,2027-05-16,,,levante,Levante UD,getafe,Getafe CF,random_forest_sports,0.45746939624807287,0.28563586303644606,0.25689474071548113,H,0.1718335332116268,medium,False,preseason_static,True
laliga_102604,2026/27,36,2027-05-16,,,malaga,Málaga CF,celta,RC Celta,random_forest_sports,0.389371654571243,0.30277025974123717,0.3078580856875198,H,0.08151356888372319,low,False,preseason_static,True
laliga_102605,2026/27,36,2027-05-16,,,osasuna,CA Osasuna,betis,Real Betis,random_forest_sports,0.3134819274667244,0.3179264285515461,0.3685916439817295,A,0.050665215430183375,low,False,preseason_static,True
laliga_102606,2026/27,36,2027-05-16,,,real_madrid,Real Madrid,racing_santander,R. Racing Club,random_forest_sports,0.5653814421588532,0.24412310327235176,0.190495454568795,H,0.32125833888650146,low,False,preseason_static,True
laliga_102607,2026/27,36,2027-05-16,,,real_sociedad,Real Sociedad,barcelona,FC Barcelona,random_forest_sports,0.2801216807526575,0.2729870118554748,0.4468913073918678,A,0.1667696266392103,medium,False,preseason_static,True
laliga_102608,2026/27,36,2027-05-16,,,sevilla,Sevilla FC,villarreal,Villarreal CF,random_forest_sports,0.3135158355737768,0.30536769272086756,0.3811164717053556,A,0.0676006361315788,low,False,preseason_static,True
laliga_102609,2026/27,37,2027-05-23,,,alaves,Deportivo Alavés,real_madrid,Real Madrid,random_forest_sports,0.28987411671393837,0.29676753914511217,0.4133583441409495,A,0.11659080499583735,medium,False,preseason_static,True
laliga_102610,2026/27,37,2027-05-23,,,atletico_madrid,Atlético de Madrid,athletic_bilbao,Athletic Club,random_forest_sports,0.4724972753593872,0.29911131771174787,0.22839140692886495,H,0.1733859576476393,medium,False,preseason_static,True
laliga_102611,2026/27,37,2027-05-23,,,celta,RC Celta,real_sociedad,Real Sociedad,random_forest_sports,0.44534140464529975,0.308509099387745,0.2461494959669552,H,0.13683230525755474,medium,False,preseason_static,True
laliga_102612,2026/27,37,2027-05-23,,,deportivo,RC Deportivo,espanyol,RCD Espanyol de Barcelona,random_forest_sports,0.4358507859994688,0.2924069384080335,0.2717422755924977,H,0.1434438475914353,low,False,preseason_static,True
laliga_102613,2026/27,37,2027-05-23,,,barcelona,FC Barcelona,malaga,Málaga CF,random_forest_sports,0.5905225945278209,0.24431009632511114,0.16516730914706793,H,0.3462124982027097,low,False,preseason_static,True
laliga_102614,2026/27,37,2027-05-23,,,racing_santander,R. Racing Club,levante,Levante UD,random_forest_sports,0.4462281703990349,0.2811732505554922,0.27259857904547297,H,0.1650549198435427,low,False,preseason_static,True
laliga_102615,2026/27,37,2027-05-23,,,vallecano,Rayo Vallecano,betis,Real Betis,random_forest_sports,0.37787028426135105,0.2980782834518363,0.32405143228681255,H,0.053818851974538506,low,False,preseason_static,True
laliga_102616,2026/27,37,2027-05-23,,,sevilla,Sevilla FC,getafe,Getafe CF,random_forest_sports,0.427816856907661,0.2928133017434776,0.2793698413488614,H,0.13500355516418344,medium,False,preseason_static,True
laliga_102617,2026/27,37,2027-05-23,,,valencia,Valencia CF,elche,Elche CF,random_forest_sports,0.47009618292323185,0.28484166039747555,0.24506215667929263,H,0.1852545225257563,medium,False,preseason_static,True
laliga_102618,2026/27,37,2027-05-23,,,villarreal,Villarreal CF,osasuna,CA Osasuna,random_forest_sports,0.5253596361058522,0.2799458154270247,0.19469454846712314,H,0.24541382067882755,medium,False,preseason_static,True
laliga_102619,2026/27,38,2027-05-30,,,athletic_bilbao,Athletic Club,vallecano,Rayo Vallecano,random_forest_sports,0.3721885091693096,0.3179825837330596,0.30982890709763067,H,0.054205925436250024,low,False,preseason_static,True
laliga_102620,2026/27,38,2027-05-30,,,betis,Real Betis,atletico_madrid,Atlético de Madrid,random_forest_sports,0.39405322052789116,0.3046399403741787,0.3013068390979302,H,0.08941328015371247,medium,False,preseason_static,True
laliga_102621,2026/27,38,2027-05-30,,,elche,Elche CF,racing_santander,R. Racing Club,random_forest_sports,0.42412424634133344,0.316268578230219,0.2596071754284477,H,0.10785566811111447,low,False,preseason_static,True
laliga_102622,2026/27,38,2027-05-30,,,espanyol,RCD Espanyol de Barcelona,alaves,Deportivo Alavés,random_forest_sports,0.3998548545213964,0.31116015933257996,0.28898498614602375,H,0.08869469518881645,medium,False,preseason_static,True
laliga_102623,2026/27,38,2027-05-30,,,getafe,Getafe CF,barcelona,FC Barcelona,random_forest_sports,0.2757343760394204,0.27506177398163145,0.4492038499789481,A,0.17346947393952766,medium,False,preseason_static,True
laliga_102624,2026/27,38,2027-05-30,,,levante,Levante UD,celta,RC Celta,random_forest_sports,0.4008679585614078,0.30923449002893605,0.2898975514096562,H,0.09163346853247173,medium,False,preseason_static,True
laliga_102625,2026/27,38,2027-05-30,,,malaga,Málaga CF,sevilla,Sevilla FC,random_forest_sports,0.4434032161028927,0.2870286180692591,0.26956816582784815,H,0.15637459803363357,low,False,preseason_static,True
laliga_102626,2026/27,38,2027-05-30,,,osasuna,CA Osasuna,valencia,Valencia CF,random_forest_sports,0.3855095398234012,0.3200823549745994,0.29440810520199934,H,0.06542718484880178,low,False,preseason_static,True
laliga_102627,2026/27,38,2027-05-30,,,real_madrid,Real Madrid,deportivo,RC Deportivo,random_forest_sports,0.5891049478971556,0.24000489379634946,0.17089015830649493,H,0.34910005410080613,low,False,preseason_static,True
laliga_102628,2026/27,38,2027-05-30,,,real_sociedad,Real Sociedad,villarreal,Villarreal CF,random_forest_sports,0.31240602457889055,0.30310961209730036,0.38448436332380903,A,0.07207833874491848,low,False,preseason_static,True
