team_id,team,target_season,snapshot_date,promoted,promotion_type,segunda_position,previous_division,previous_season,previous_position,previous_played,previous_points,previous_ppg,previous_goals_for,previous_goals_against,previous_goal_difference,previous_goals_for_avg,previous_goals_against_avg,last_match_date,days_since_last_match_at_snapshot,elo_end_2025_26,elo_initial_2026_27,form_matches_5,form_ppg_5,form_win_rate_5,form_goals_for_avg_5,form_goals_against_avg_5,form_shots_on_target_for_avg_5,form_matches_10,form_ppg_10,form_win_rate_10,form_goals_for_avg_10,form_goals_against_avg_10,form_shots_on_target_for_avg_10,home_ppg_last_5_home_matches,away_ppg_last_5_away_matches
barcelona,FC Barcelona,2026/27,2026-08-16,0,,,SP1,2025/26,1,38,94,2.473684210526316,95,36,59,2.5,0.9473684210526315,2026-05-23,85,1726.7586777810607,1670.0690083357954,5,1.8,0.6,1.6,1.2,4.8,10,2.4,0.8,1.8,0.8,5.3,3.0,1.8
real_madrid,Real Madrid,2026/27,2026-08-16,0,,,SP1,2025/26,2,38,86,2.263157894736842,77,35,42,2.026315789473684,0.9210526315789473,2026-05-23,85,1691.8492105610512,1643.8869079207884,5,2.4,0.8,1.8,0.8,4.4,10,2.0,0.6,1.7,1.1,6.3,2.6,1.4
villarreal,Villarreal CF,2026/27,2026-08-16,0,,,SP1,2025/26,3,38,72,1.894736842105263,72,46,26,1.894736842105263,1.2105263157894737,2026-05-24,84,1603.2044974684716,1577.4033731013537,5,1.4,0.4,2.6,1.6,4.8,10,1.7,0.5,2.1,1.3,4.7,2.4,1.0
atletico_madrid,Atlético de Madrid,2026/27,2026-08-16,0,,,SP1,2025/26,4,38,69,1.8157894736842106,62,44,18,1.631578947368421,1.1578947368421053,2026-05-24,84,1596.245603432995,1572.1842025747462,5,1.8,0.6,1.2,1.4,4.2,10,1.2,0.4,1.5,1.9,3.9,1.8,1.2
betis,Real Betis,2026/27,2026-08-16,0,,,SP1,2025/26,5,38,60,1.5789473684210527,59,48,11,1.5526315789473684,1.263157894736842,2026-05-23,85,1573.7174382969486,1555.2880787227114,5,2.0,0.6,2.0,1.4,5.6,10,1.6,0.4,1.6,1.3,4.7,2.2,1.0
celta,RC Celta,2026/27,2026-08-16,0,,,SP1,2025/26,6,38,54,1.4210526315789473,53,48,5,1.394736842105263,1.263157894736842,2026-05-23,85,1527.5555130299024,1520.6666347724267,5,2.0,0.6,1.6,1.0,3.2,10,1.3,0.4,1.5,1.7,3.8,1.2,1.4
vallecano,Rayo Vallecano,2026/27,2026-08-16,0,,,SP1,2025/26,8,38,50,1.3157894736842106,41,44,-3,1.0789473684210527,1.1578947368421053,2026-05-23,85,1525.3080964337516,1518.9810723253138,5,2.2,0.6,1.6,0.6,5.6,10,1.8,0.5,1.3,1.0,5.5,2.2,1.4
valencia,Valencia CF,2026/27,2026-08-16,0,,,SP1,2025/26,9,38,49,1.2894736842105263,46,55,-9,1.2105263157894737,1.4473684210526316,2026-05-23,85,1517.05524428307,1512.7914332123023,5,2.0,0.6,1.8,1.4,3.6,10,1.7,0.5,1.6,1.3,4.0,1.4,2.0
athletic_bilbao,Athletic Club,2026/27,2026-08-16,0,,,SP1,2025/26,12,38,45,1.1842105263157894,43,58,-15,1.131578947368421,1.5263157894736843,2026-05-23,85,1494.3913499077144,1495.7935124307858,5,0.8,0.2,1.4,2.0,4.6,10,1.0,0.3,1.3,1.8,4.1,1.4,0.6
getafe,Getafe CF,2026/27,2026-08-16,0,,,SP1,2025/26,7,38,51,1.3421052631578947,32,38,-6,0.8421052631578947,1.0,2026-05-23,85,1490.4153718258704,1492.8115288694028,5,1.4,0.4,0.8,0.8,2.8,10,1.6,0.5,0.9,0.8,2.6,1.8,1.4
real_sociedad,Real Sociedad,2026/27,2026-08-16,0,,,SP1,2025/26,10,38,46,1.2105263157894737,59,61,-2,1.5526315789473684,1.605263157894737,2026-05-23,85,1486.0260664556174,1489.5195498417131,5,0.6,0.0,1.4,1.8,3.0,10,0.8,0.1,1.6,1.9,4.0,1.0,0.6
levante,Levante UD,2026/27,2026-08-16,0,,,SP1,2025/26,18,38,42,1.105263157894737,47,61,-14,1.236842105263158,1.605263157894737,2026-05-23,85,1479.1546214464315,1484.3659660848236,5,1.8,0.6,2.0,2.2,6.2,10,1.9,0.6,1.7,1.5,5.4,3.0,0.8
alaves,Deportivo Alavés,2026/27,2026-08-16,0,,,SP1,2025/26,14,38,43,1.131578947368421,44,56,-12,1.1578947368421053,1.4736842105263157,2026-05-23,85,1474.8795215968157,1481.1596411976118,5,1.4,0.4,1.2,1.4,4.6,10,1.5,0.4,1.8,1.8,4.6,1.4,1.6
elche,Elche CF,2026/27,2026-08-16,0,,,SP1,2025/26,13,38,43,1.131578947368421,49,57,-8,1.2894736842105263,1.5,2026-05-23,85,1467.1865261401447,1475.3898946051086,5,1.0,0.2,1.0,1.4,3.0,10,1.7,0.5,1.3,1.2,3.5,2.6,0.8
osasuna,CA Osasuna,2026/27,2026-08-16,0,,,SP1,2025/26,16,38,42,1.105263157894737,44,50,-6,1.1578947368421053,1.3157894736842106,2026-05-23,85,1462.869415055948,1472.152061291961,5,0.0,0.0,1.0,2.0,5.0,10,0.8,0.2,1.1,1.5,5.5,0.8,0.2
espanyol,RCD Espanyol,2026/27,2026-08-16,0,,,SP1,2025/26,11,38,46,1.2105263157894737,43,55,-12,1.131578947368421,1.4473684210526316,2026-05-23,85,1459.7220649449923,1469.7915487087444,5,1.4,0.4,1.2,1.2,4.8,10,0.9,0.2,0.8,1.3,3.9,1.0,0.8
sevilla,Sevilla FC,2026/27,2026-08-16,0,,,SP1,2025/26,15,38,43,1.131578947368421,46,60,-14,1.2105263157894737,1.5789473684210527,2026-05-23,85,1456.2846048483327,1467.2134536362496,5,1.8,0.6,1.2,1.0,4.8,10,1.2,0.4,0.9,1.3,3.0,1.8,0.6
racing_santander,Racing de Santander,2026/27,2026-08-16,1,direct,1,SP2,2025/26,1,42,82,1.9523809523809523,90,61,29,2.142857142857143,1.4523809523809523,2026-05-31,77,1460.9465325654298,1470.7098994240723,5,2.6,0.8,3.0,1.2,8.8,10,2.3,0.7,2.8,1.5,8.3,3.0,1.6
deportivo,RC Deportivo,2026/27,2026-08-16,1,direct,2,SP2,2025/26,2,42,77,1.8333333333333333,65,44,21,1.5476190476190477,1.0476190476190477,2026-05-31,77,1440.2106190968582,1455.1579643226437,5,2.4,0.8,1.6,0.8,5.4,10,2.1,0.6,1.6,0.8,4.8,2.0,1.8
malaga,Málaga CF,2026/27,2026-08-16,1,playoff,4,SP2,2025/26,4,42,73,1.7380952380952381,75,52,23,1.7857142857142858,1.2380952380952381,2026-05-31,77,1433.1728222935901,1449.8796167201926,5,2.6,0.8,2.6,1.0,7.2,10,1.8,0.5,2.3,1.5,5.9,1.6,2.0
