team_id,team,simulations,expected_points_current,median_points,points_p05,points_p95,expected_goals_for,expected_goals_against,expected_goal_difference,expected_position,median_position,champion_probability_current,top4_probability_current,top6_probability,europe_top7_probability_current,relegation_probability_current,last_place_probability,champion_probability_preseason,top4_probability_preseason,europe_top7_probability_preseason,relegation_probability_preseason,expected_points_preseason,champion_probability_change,top4_probability_change,europe_top7_probability_change,relegation_probability_change,expected_points_change
barcelona,FC Barcelona,50000,74.66914,75.0,62.0,87.0,86.86824,42.1086,44.75964,1.80624,1.0,0.53748,0.96314,0.9904,0.99478,0.0,0.0,0.53748,0.96314,0.99478,0.0,74.66914,0.0,0.0,0.0,0.0,0.0
real_madrid,Real Madrid,50000,71.61856,72.0,59.0,84.0,75.27068,39.39168,35.879,2.33412,2.0,0.33054,0.91814,0.97396,0.98402,6e-05,0.0,0.33054,0.91814,0.98402,6e-05,71.61856,0.0,0.0,0.0,0.0,0.0
villarreal,Villarreal CF,50000,62.8004,63.0,50.0,75.0,70.87576,51.67574,19.20002,4.70112,4.0,0.05948,0.5956,0.79882,0.85564,0.0024,0.00032,0.05948,0.5956,0.85564,0.0024,62.8004,0.0,0.0,0.0,0.0,0.0
atletico_madrid,Atlético de Madrid,50000,61.38876,61.0,49.0,74.0,62.71368,44.77892,17.93476,5.21264,4.0,0.04216,0.5199,0.74662,0.81166,0.00396,0.00038,0.04216,0.5199,0.81166,0.00396,61.38876,0.0,0.0,0.0,0.0,0.0
betis,Real Betis,50000,57.87236,58.0,45.0,71.0,58.69458,49.14372,9.55086,6.73396,6.0,0.01768,0.3332,0.57548,0.66398,0.01312,0.00232,0.01768,0.3332,0.66398,0.01312,57.87236,0.0,0.0,0.0,0.0,0.0
celta,RC Celta,50000,51.89406,52.0,39.0,65.0,54.37304,53.54734,0.8257,9.86288,9.0,0.00302,0.11326,0.2726,0.35624,0.06458,0.01356,0.00302,0.11326,0.35624,0.06458,51.89406,0.0,0.0,0.0,0.0,0.0
vallecano,Rayo Vallecano,50000,50.71326,51.0,38.0,63.0,43.17528,45.45518,-2.2799,10.54408,10.0,0.0017,0.0831,0.22104,0.29878,0.08406,0.01888,0.0017,0.0831,0.29878,0.08406,50.71326,0.0,0.0,0.0,0.0,0.0
athletic_bilbao,Athletic Club,50000,50.58172,51.0,38.0,63.0,48.47394,49.01134,-0.5374,10.62608,10.0,0.002,0.08272,0.21696,0.29336,0.08606,0.01958,0.002,0.08272,0.29336,0.08606,50.58172,0.0,0.0,0.0,0.0,0.0
valencia,Valencia CF,50000,49.68972,50.0,38.0,62.0,48.34354,52.24482,-3.90128,11.15432,11.0,0.00116,0.0683,0.18558,0.25338,0.10526,0.02496,0.00116,0.0683,0.25338,0.10526,49.68972,0.0,0.0,0.0,0.0,0.0
real_sociedad,Real Sociedad,50000,49.37406,49.0,37.0,62.0,52.0627,55.00864,-2.94594,11.33498,11.0,0.00114,0.06322,0.17476,0.24218,0.11554,0.02872,0.00114,0.06322,0.24218,0.11554,49.37406,0.0,0.0,0.0,0.0,0.0
levante,Levante UD,50000,48.00702,48.0,36.0,60.0,51.91132,59.4197,-7.50838,12.15418,12.0,0.00076,0.04374,0.133,0.18968,0.14932,0.04134,0.00076,0.04374,0.18968,0.14932,48.00702,0.0,0.0,0.0,0.0,0.0
osasuna,CA Osasuna,50000,47.69868,48.0,36.0,60.0,46.52636,52.38958,-5.86322,12.33082,12.0,0.0006,0.03954,0.1232,0.17724,0.1604,0.04582,0.0006,0.03954,0.17724,0.1604,47.69868,0.0,0.0,0.0,0.0,0.0
getafe,Getafe CF,50000,47.18558,47.0,35.0,60.0,36.04076,42.05936,-6.0186,12.6273,13.0,0.00058,0.03382,0.10876,0.1593,0.17446,0.04756,0.00058,0.03382,0.1593,0.17446,47.18558,0.0,0.0,0.0,0.0,0.0
alaves,Deportivo Alavés,50000,46.83056,47.0,35.0,59.0,44.47364,52.81974,-8.3461,12.83932,13.0,0.00034,0.03262,0.10254,0.14982,0.19034,0.05594,0.00034,0.03262,0.14982,0.19034,46.83056,0.0,0.0,0.0,0.0,0.0
sevilla,Sevilla FC,50000,46.58534,46.0,35.0,59.0,47.62634,56.00112,-8.37478,12.98234,13.0,0.00034,0.02956,0.0959,0.14232,0.19818,0.05774,0.00034,0.02956,0.14232,0.19818,46.58534,0.0,0.0,0.0,0.0,0.0
elche,Elche CF,50000,46.47806,46.0,34.0,59.0,49.28914,58.4231,-9.13396,13.04834,13.0,0.00052,0.02784,0.09296,0.13966,0.20192,0.06142,0.00052,0.02784,0.13966,0.20192,46.47806,0.0,0.0,0.0,0.0,0.0
espanyol,RCD Espanyol,50000,46.19752,46.0,34.0,59.0,45.40538,54.60004,-9.19466,13.19778,14.0,0.00028,0.02738,0.08932,0.13344,0.21244,0.06404,0.00028,0.02738,0.13344,0.21244,46.19752,0.0,0.0,0.0,0.0,0.0
malaga,Málaga CF,50000,43.07504,43.0,31.0,56.0,50.10868,67.5056,-17.39692,14.9701,16.0,6e-05,0.01056,0.04154,0.06492,0.35736,0.13336,6e-05,0.01056,0.06492,0.35736,43.07504,0.0,0.0,0.0,0.0,0.0
racing_santander,Racing de Santander,50000,42.6444,43.0,31.0,55.0,54.87386,77.19712,-22.32326,15.20164,16.0,0.00014,0.00972,0.03786,0.05874,0.38014,0.1507,0.00014,0.00972,0.05874,0.38014,42.6444,0.0,0.0,0.0,0.0,0.0
deportivo,RC Deportivo,50000,40.40898,40.0,29.0,53.0,49.7947,74.12028,-24.32558,16.33776,18.0,2e-05,0.00464,0.0187,0.03086,0.5004,0.23336,2e-05,0.00464,0.03086,0.5004,40.40898,0.0,0.0,0.0,0.0,0.0
