split,model,class,bin,observations,mean_probability,observed_rate,calibration_gap
test,hist_boost_market,H,1,2,0.08818922472674973,0.0,-0.08818922472674973
test,hist_boost_market,H,2,39,0.14968254938846717,0.1794871794871795,0.029804630098712315
test,hist_boost_market,H,3,47,0.2504112927012494,0.3617021276595745,0.11129083495832509
test,hist_boost_market,H,4,62,0.3488394273634772,0.3870967741935484,0.038257346830071204
test,hist_boost_market,H,5,85,0.45075692706968873,0.5058823529411764,0.05512542587148772
test,hist_boost_market,H,6,75,0.5481429518648424,0.5333333333333333,-0.014809618531509083
test,hist_boost_market,H,7,31,0.6430339150654694,0.7096774193548387,0.06664350428936938
test,hist_boost_market,H,8,30,0.7484982252035979,0.8333333333333334,0.08483510812973549
test,hist_boost_market,H,9,9,0.8326644797630471,0.8888888888888888,0.0562244091258417
test,hist_boost_market,D,1,3,0.0938588683567354,0.3333333333333333,0.2394744649765979
test,hist_boost_market,D,2,71,0.16154879943030265,0.16901408450704225,0.007465285076739603
test,hist_boost_market,D,3,176,0.25005055138790416,0.2556818181818182,0.005631266793914014
test,hist_boost_market,D,4,102,0.3414543566277454,0.24509803921568626,-0.09635631741205916
test,hist_boost_market,D,5,24,0.4347660914603753,0.4166666666666667,-0.01809942479370863
test,hist_boost_market,D,6,3,0.5518823349026739,0.0,-0.5518823349026739
test,hist_boost_market,D,7,1,0.6114441440848891,0.0,-0.6114441440848891
test,hist_boost_market,A,1,40,0.0736131084756477,0.05,-0.023613108475647696
test,hist_boost_market,A,2,102,0.15287578567402202,0.13725490196078433,-0.015620883713237693
test,hist_boost_market,A,3,98,0.24802839921174072,0.3163265306122449,0.0682981314005042
test,hist_boost_market,A,4,57,0.34727891946265255,0.19298245614035087,-0.15429646332230168
test,hist_boost_market,A,5,34,0.4581669611830455,0.4411764705882353,-0.016990490594810226
test,hist_boost_market,A,6,23,0.5404495017777865,0.5652173913043478,0.024767889526561282
test,hist_boost_market,A,7,20,0.6453890458103271,0.55,-0.09538904581032703
test,hist_boost_market,A,8,6,0.7391659938547424,0.6666666666666666,-0.07249932718807572
test,hist_boost_sports,H,2,26,0.1657820793568247,0.11538461538461539,-0.050397463972209317
test,hist_boost_sports,H,3,63,0.24854037770736223,0.31746031746031744,0.06891993975295521
test,hist_boost_sports,H,4,75,0.3539936265154145,0.4266666666666667,0.0726730401512522
test,hist_boost_sports,H,5,83,0.44681572638529427,0.4819277108433735,0.035111984458079226
test,hist_boost_sports,H,6,52,0.5444109223120416,0.5769230769230769,0.03251215461103529
test,hist_boost_sports,H,7,45,0.6462720247031793,0.6888888888888889,0.042616864185709535
test,hist_boost_sports,H,8,31,0.7498885117124949,0.8064516129032258,0.056563101190730825
test,hist_boost_sports,H,9,5,0.8167013390895838,1.0,0.18329866091041624
test,hist_boost_sports,D,1,1,0.09914705384726408,0.0,-0.09914705384726408
test,hist_boost_sports,D,2,66,0.15926755891351718,0.19696969696969696,0.03770213805617978
test,hist_boost_sports,D,3,192,0.24914031789288182,0.23958333333333334,-0.009556984559548481
test,hist_boost_sports,D,4,94,0.3412275601584601,0.26595744680851063,-0.07527011334994949
test,hist_boost_sports,D,5,23,0.4424343321025541,0.34782608695652173,-0.09460824514603239
test,hist_boost_sports,D,6,4,0.5441955107213272,0.25,-0.2941955107213272
test,hist_boost_sports,A,1,23,0.07205791874683092,0.08695652173913043,0.014898602992299517
test,hist_boost_sports,A,2,114,0.1485333891153576,0.13157894736842105,-0.016954441746936555
test,hist_boost_sports,A,3,99,0.24997667384564878,0.30303030303030304,0.053053629184654255
test,hist_boost_sports,A,4,56,0.3511630586804339,0.25,-0.1011630586804339
test,hist_boost_sports,A,5,40,0.4574520549907882,0.4,-0.057452054990788204
test,hist_boost_sports,A,6,35,0.5445226628039557,0.42857142857142855,-0.11595123423252712
test,hist_boost_sports,A,7,12,0.6429748981562796,0.6666666666666666,0.023691768510387012
test,hist_boost_sports,A,8,1,0.7257912556099981,1.0,0.27420874439000187
test,random_forest_market,H,2,26,0.1716933698526843,0.23076923076923078,0.059075860916546485
test,random_forest_market,H,3,55,0.2475714867957492,0.23636363636363636,-0.011207850432112837
test,random_forest_market,H,4,71,0.3598497866172561,0.38028169014084506,0.02043190352358898
test,random_forest_market,H,5,105,0.4418726175396898,0.4857142857142857,0.043841668174595894
test,random_forest_market,H,6,52,0.550836070115148,0.5384615384615384,-0.012374531653609577
test,random_forest_market,H,7,25,0.6429849064886822,0.8,0.15701509351131782
test,random_forest_market,H,8,28,0.7562619657000633,0.8928571428571429,0.13659517715707958
test,random_forest_market,H,9,18,0.8188861676439294,0.8888888888888888,0.07000272124495943
test,random_forest_market,D,1,1,0.09969249787888941,0.0,-0.09969249787888941
test,random_forest_market,D,2,54,0.15136499952542734,0.1111111111111111,-0.040253888414316236
test,random_forest_market,D,3,201,0.2650359235810682,0.24378109452736318,-0.021254829053705016
test,random_forest_market,D,4,124,0.3174754040970285,0.3064516129032258,-0.011023791193802701
test,random_forest_market,A,1,44,0.07327745435740941,0.045454545454545456,-0.027822908902863958
test,random_forest_market,A,2,71,0.1572761635247859,0.18309859154929578,0.025822428024509875
test,random_forest_market,A,3,127,0.25380538365787453,0.2283464566929134,-0.02545892696496113
test,random_forest_market,A,4,53,0.3335076300838789,0.32075471698113206,-0.012752913102746843
test,random_forest_market,A,5,36,0.449003534963347,0.3333333333333333,-0.11567020163001368
test,random_forest_market,A,6,35,0.5386144557358684,0.6,0.061385544264131564
test,random_forest_market,A,7,14,0.6508561716198982,0.5,-0.15085617161989817
test,random_forest_sports,H,2,22,0.1812205201229371,0.22727272727272727,0.046052207149790164
test,random_forest_sports,H,3,58,0.24630117527271314,0.25862068965517243,0.01231951438245929
test,random_forest_sports,H,4,75,0.3599962706789309,0.4533333333333333,0.09333706265440239
test,random_forest_sports,H,5,101,0.44862921295757924,0.45544554455445546,0.006816331596876224
test,random_forest_sports,H,6,50,0.5410168045956597,0.52,-0.02101680459565969
test,random_forest_sports,H,7,33,0.6436594608637431,0.696969696969697,0.05331023610595387
test,random_forest_sports,H,8,27,0.7594395103624064,0.9259259259259259,0.1664864155635195
test,random_forest_sports,H,9,14,0.8212944829097737,0.8571428571428571,0.0358483742330834
test,random_forest_sports,D,2,45,0.1464997297784094,0.044444444444444446,-0.10205528533396493
test,random_forest_sports,D,3,228,0.2631533630892278,0.24561403508771928,-0.017539328001508536
test,random_forest_sports,D,4,107,0.3162830472361307,0.32710280373831774,0.010819756502187028
test,random_forest_sports,A,1,40,0.07624933337613946,0.05,-0.026249333376139453
test,random_forest_sports,A,2,75,0.15850112865664412,0.18666666666666668,0.028165538010022556
test,random_forest_sports,A,3,123,0.2489866978248195,0.25203252032520324,0.003045822500383738
test,random_forest_sports,A,4,59,0.3428591664442392,0.2542372881355932,-0.08862187830864598
test,random_forest_sports,A,5,36,0.4602718090249744,0.3888888888888889,-0.07138292013608549
test,random_forest_sports,A,6,41,0.5522179376414034,0.5121951219512195,-0.040022815690183844
test,random_forest_sports,A,7,6,0.6142906198737709,0.6666666666666666,0.05237604679289576
validation,hist_boost_market,H,1,2,0.08278693163127884,1.0,0.9172130683687212
validation,hist_boost_market,H,2,59,0.1672759804048767,0.0847457627118644,-0.0825302176930123
validation,hist_boost_market,H,3,107,0.2513294311158601,0.1588785046728972,-0.0924509264429629
validation,hist_boost_market,H,4,132,0.3515104969998633,0.30303030303030304,-0.04848019396956027
validation,hist_boost_market,H,5,118,0.4485429315981063,0.4915254237288136,0.04298249213070726
validation,hist_boost_market,H,6,133,0.5488252115758101,0.5037593984962406,-0.04506581307956947
validation,hist_boost_market,H,7,109,0.643528208541636,0.6422018348623854,-0.001326373679250592
validation,hist_boost_market,H,8,70,0.7477899169073451,0.7571428571428571,0.00935294023551203
validation,hist_boost_market,H,9,30,0.8399113969865736,0.8,-0.03991139698657353
validation,hist_boost_market,D,1,18,0.0869315397764003,0.05555555555555555,-0.03137598422084474
validation,hist_boost_market,D,2,177,0.16146455070471918,0.2033898305084746,0.041925279803755405
validation,hist_boost_market,D,3,329,0.24706835518367748,0.2674772036474164,0.020408848463738916
validation,hist_boost_market,D,4,173,0.33987518901319513,0.32947976878612717,-0.010395420227067964
validation,hist_boost_market,D,5,46,0.43720564637553316,0.30434782608695654,-0.13285782028857662
validation,hist_boost_market,D,6,17,0.528046324104394,0.47058823529411764,-0.057458088810276364
validation,hist_boost_market,A,1,104,0.07099569155646988,0.04807692307692308,-0.022918768479546804
validation,hist_boost_market,A,2,228,0.14932173720296665,0.16666666666666666,0.017344929463700004
validation,hist_boost_market,A,3,157,0.24806116231917943,0.28662420382165604,0.03856304150247661
validation,hist_boost_market,A,4,103,0.34662515265143046,0.33980582524271846,-0.006819327408711995
validation,hist_boost_market,A,5,87,0.4545475206206423,0.5632183908045977,0.10867087018395538
validation,hist_boost_market,A,6,48,0.5408400021324744,0.6041666666666666,0.06332666453419222
validation,hist_boost_market,A,7,24,0.6474487949417812,0.5,-0.1474487949417812
validation,hist_boost_market,A,8,9,0.7363016658193565,0.7777777777777778,0.04147611195842127
validation,hist_boost_sports,H,1,1,0.09986072041349632,1.0,0.9001392795865036
validation,hist_boost_sports,H,2,35,0.16901003970603318,0.08571428571428572,-0.08329575399174746
validation,hist_boost_sports,H,3,129,0.25346743797334503,0.2558139534883721,0.00234651551502707
validation,hist_boost_sports,H,4,121,0.350668660552858,0.24793388429752067,-0.10273477625533733
validation,hist_boost_sports,H,5,155,0.45289310555965767,0.432258064516129,-0.020635041043528646
validation,hist_boost_sports,H,6,118,0.5477283398845921,0.5084745762711864,-0.03925376361340571
validation,hist_boost_sports,H,7,120,0.6469022808315209,0.6833333333333333,0.036431052501812444
validation,hist_boost_sports,H,8,62,0.7481477503724234,0.7580645161290323,0.009916765756608825
validation,hist_boost_sports,H,9,19,0.8317866070181299,0.6842105263157895,-0.1475760807023404
validation,hist_boost_sports,D,1,9,0.09138600002557744,0.0,-0.09138600002557744
validation,hist_boost_sports,D,2,185,0.16418542984166204,0.23783783783783785,0.07365240799617581
validation,hist_boost_sports,D,3,362,0.24472570542033203,0.2569060773480663,0.012180371927734274
validation,hist_boost_sports,D,4,157,0.3379374638058788,0.31210191082802546,-0.025835552977853338
validation,hist_boost_sports,D,5,38,0.43012508886649575,0.3684210526315789,-0.061704036234916826
validation,hist_boost_sports,D,6,9,0.5431297606146632,0.4444444444444444,-0.0986853161702188
validation,hist_boost_sports,A,1,74,0.07520411899084238,0.05405405405405406,-0.021150064936788324
validation,hist_boost_sports,A,2,234,0.1491566422480406,0.1623931623931624,0.013236520145121805
validation,hist_boost_sports,A,3,169,0.24456559171208694,0.21893491124260356,-0.025630680469483386
validation,hist_boost_sports,A,4,106,0.34934830236770836,0.42452830188679247,0.0751799995190841
validation,hist_boost_sports,A,5,84,0.4489809088469117,0.5714285714285714,0.12244766258165968
validation,hist_boost_sports,A,6,69,0.5442173775384788,0.5217391304347826,-0.02247824710369617
validation,hist_boost_sports,A,7,18,0.6386599610258717,0.5,-0.13865996102587175
validation,hist_boost_sports,A,8,5,0.7479325181962893,0.4,-0.34793251819628923
validation,hist_boost_sports,A,9,1,0.8010368925659511,1.0,0.19896310743404888
validation,random_forest_market,H,2,32,0.17767264698239615,0.15625,-0.021422646982396154
validation,random_forest_market,H,3,143,0.2498904345606145,0.16083916083916083,-0.08905127372145366
validation,random_forest_market,H,4,129,0.3533288683864751,0.32558139534883723,-0.02774747303763786
validation,random_forest_market,H,5,172,0.4462859657265018,0.4127906976744186,-0.033495268052083194
validation,random_forest_market,H,6,125,0.5522847209531926,0.552,-0.000284720953192541
validation,random_forest_market,H,7,62,0.6443828174043957,0.7419354838709677,0.09755266646657201
validation,random_forest_market,H,8,80,0.7540408734435997,0.8375,0.08345912655640031
validation,random_forest_market,H,9,17,0.8138358073560217,0.7647058823529411,-0.049129925003080555
validation,random_forest_market,D,2,121,0.159952476696262,0.1487603305785124,-0.011192146117749602
validation,random_forest_market,D,3,432,0.263605569788336,0.2569444444444444,-0.006661125343891572
validation,random_forest_market,D,4,207,0.31715329271808795,0.36231884057971014,0.04516554786162219
validation,random_forest_market,A,1,85,0.07842011806678212,0.047058823529411764,-0.031361294537370354
validation,random_forest_market,A,2,180,0.15513775867328,0.14444444444444443,-0.010693314228835571
validation,random_forest_market,A,3,210,0.25177229919519584,0.20952380952380953,-0.04224848967138631
validation,random_forest_market,A,4,110,0.34195280660565813,0.39090909090909093,0.048956284303432795
validation,random_forest_market,A,5,90,0.45544000446183247,0.6333333333333333,0.17789332887150083
validation,random_forest_market,A,6,61,0.539342299615486,0.5081967213114754,-0.031145578304010546
validation,random_forest_market,A,7,24,0.6351734739490372,0.625,-0.010173473949037226
validation,random_forest_sports,H,2,23,0.18672522952546167,0.17391304347826086,-0.012812186047200802
validation,random_forest_sports,H,3,134,0.2528710739672724,0.14925373134328357,-0.1036173426239888
validation,random_forest_sports,H,4,147,0.34906074015764915,0.3401360544217687,-0.008924685735880455
validation,random_forest_sports,H,5,178,0.4514996945756257,0.4157303370786517,-0.03576935749697402
validation,random_forest_sports,H,6,123,0.5383969211838636,0.5365853658536586,-0.0018115553302050502
validation,random_forest_sports,H,7,69,0.6459722101482719,0.7391304347826086,0.09315822463433676
validation,random_forest_sports,H,8,74,0.7500562039694216,0.8513513513513513,0.10129514738192968
validation,random_forest_sports,H,9,12,0.8153963656872643,0.6666666666666666,-0.14872969902059763
validation,random_forest_sports,D,2,105,0.16075604573487848,0.1619047619047619,0.0011487161698834347
validation,random_forest_sports,D,3,488,0.2630693463912034,0.2786885245901639,0.015619178198960526
validation,random_forest_sports,D,4,167,0.3149839608343662,0.30538922155688625,-0.009594739277479947
validation,random_forest_sports,A,1,68,0.08038166226526751,0.058823529411764705,-0.021558132853502804
validation,random_forest_sports,A,2,169,0.15467671165523367,0.10650887573964497,-0.048167835915588694
validation,random_forest_sports,A,3,224,0.24470818677679493,0.24553571428571427,0.0008275275089193457
validation,random_forest_sports,A,4,128,0.3438116163519296,0.3671875,0.023375883648070417
validation,random_forest_sports,A,5,85,0.4452042924608051,0.5764705882352941,0.13126629577448895
validation,random_forest_sports,A,6,76,0.5483965763818288,0.5921052631578947,0.043708686776065875
validation,random_forest_sports,A,7,10,0.6249012084415899,0.2,-0.4249012084415899
