source_column,files_present,files_total,coverage
1XBA,2,15,0.13333333333333333
1XBCA,2,15,0.13333333333333333
1XBCD,2,15,0.13333333333333333
1XBCH,2,15,0.13333333333333333
1XBD,2,15,0.13333333333333333
1XBH,2,15,0.13333333333333333
AC,15,15,1.0
AF,15,15,1.0
AHCh,12,15,0.8
AHh,12,15,0.8
AR,15,15,1.0
AS,15,15,1.0
AST,15,15,1.0
AY,15,15,1.0
Avg<2.5,12,15,0.8
Avg>2.5,12,15,0.8
AvgA,12,15,0.8
AvgAHA,12,15,0.8
AvgAHH,12,15,0.8
AvgC<2.5,12,15,0.8
AvgC>2.5,12,15,0.8
AvgCA,12,15,0.8
AvgCAHA,12,15,0.8
AvgCAHH,12,15,0.8
AvgCD,12,15,0.8
AvgCH,12,15,0.8
AvgD,12,15,0.8
AvgH,12,15,0.8
AwayTeam,15,15,1.0
B365<2.5,12,15,0.8
B365>2.5,12,15,0.8
B365A,15,15,1.0
B365AHA,12,15,0.8
B365AHH,12,15,0.8
B365C<2.5,12,15,0.8
B365C>2.5,12,15,0.8
B365CA,12,15,0.8
B365CAHA,12,15,0.8
B365CAHH,12,15,0.8
B365CD,12,15,0.8
B365CH,12,15,0.8
B365D,15,15,1.0
B365H,15,15,1.0
BFA,2,15,0.13333333333333333
BFCA,2,15,0.13333333333333333
BFCD,2,15,0.13333333333333333
BFCH,2,15,0.13333333333333333
BFD,2,15,0.13333333333333333
BFDA,2,15,0.13333333333333333
BFDCA,2,15,0.13333333333333333
BFDCD,2,15,0.13333333333333333
BFDCH,2,15,0.13333333333333333
BFDD,2,15,0.13333333333333333
BFDH,2,15,0.13333333333333333
BFE<2.5,4,15,0.26666666666666666
BFE>2.5,4,15,0.26666666666666666
BFEA,4,15,0.26666666666666666
BFEAHA,4,15,0.26666666666666666
BFEAHH,4,15,0.26666666666666666
BFEC<2.5,4,15,0.26666666666666666
BFEC>2.5,4,15,0.26666666666666666
BFECA,4,15,0.26666666666666666
BFECAHA,4,15,0.26666666666666666
BFECAHH,4,15,0.26666666666666666
BFECD,4,15,0.26666666666666666
BFECH,4,15,0.26666666666666666
BFED,4,15,0.26666666666666666
BFEH,4,15,0.26666666666666666
BFH,2,15,0.13333333333333333
BMGMA,2,15,0.13333333333333333
BMGMCA,2,15,0.13333333333333333
BMGMCD,2,15,0.13333333333333333
BMGMCH,2,15,0.13333333333333333
BMGMD,2,15,0.13333333333333333
BMGMH,2,15,0.13333333333333333
BVA,2,15,0.13333333333333333
BVCA,2,15,0.13333333333333333
BVCD,2,15,0.13333333333333333
BVCH,2,15,0.13333333333333333
BVD,2,15,0.13333333333333333
BVH,2,15,0.13333333333333333
BWA,15,15,1.0
BWCA,12,15,0.8
BWCD,12,15,0.8
BWCH,12,15,0.8
BWD,15,15,1.0
BWH,15,15,1.0
Bb1X2,3,15,0.2
BbAH,3,15,0.2
BbAHh,3,15,0.2
BbAv<2.5,3,15,0.2
BbAv>2.5,3,15,0.2
BbAvA,3,15,0.2
BbAvAHA,3,15,0.2
BbAvAHH,3,15,0.2
BbAvD,3,15,0.2
BbAvH,3,15,0.2
BbMx<2.5,3,15,0.2
BbMx>2.5,3,15,0.2
BbMxA,3,15,0.2
BbMxAHA,3,15,0.2
BbMxAHH,3,15,0.2
BbMxD,3,15,0.2
BbMxH,3,15,0.2
BbOU,3,15,0.2
CLA,2,15,0.13333333333333333
CLCA,2,15,0.13333333333333333
CLCD,2,15,0.13333333333333333
CLCH,2,15,0.13333333333333333
CLD,2,15,0.13333333333333333
CLH,2,15,0.13333333333333333
Date,15,15,1.0
Div,15,15,1.0
FTAG,15,15,1.0
FTHG,15,15,1.0
FTR,15,15,1.0
HC,15,15,1.0
HF,15,15,1.0
HR,15,15,1.0
HS,15,15,1.0
HST,15,15,1.0
HTAG,15,15,1.0
HTHG,15,15,1.0
HTR,15,15,1.0
HY,15,15,1.0
HomeTeam,15,15,1.0
IWA,11,15,0.7333333333333333
IWCA,8,15,0.5333333333333333
IWCD,8,15,0.5333333333333333
IWCH,8,15,0.5333333333333333
IWD,11,15,0.7333333333333333
IWH,11,15,0.7333333333333333
LBA,4,15,0.26666666666666666
LBCA,2,15,0.13333333333333333
LBCD,2,15,0.13333333333333333
LBCH,2,15,0.13333333333333333
LBD,4,15,0.26666666666666666
LBH,4,15,0.26666666666666666
Max<2.5,12,15,0.8
Max>2.5,12,15,0.8
MaxA,12,15,0.8
MaxAHA,12,15,0.8
MaxAHH,12,15,0.8
MaxC<2.5,12,15,0.8
MaxC>2.5,12,15,0.8
MaxCA,12,15,0.8
MaxCAHA,12,15,0.8
MaxCAHH,12,15,0.8
MaxCD,12,15,0.8
MaxCH,12,15,0.8
MaxD,12,15,0.8
MaxH,12,15,0.8
P<2.5,12,15,0.8
P>2.5,12,15,0.8
PAHA,12,15,0.8
PAHH,12,15,0.8
PC<2.5,12,15,0.8
PC>2.5,12,15,0.8
PCAHA,12,15,0.8
PCAHH,12,15,0.8
PSA,15,15,1.0
PSCA,15,15,1.0
PSCD,15,15,1.0
PSCH,15,15,1.0
PSD,15,15,1.0
PSH,15,15,1.0
Time,12,15,0.8
VCA,11,15,0.7333333333333333
VCCA,8,15,0.5333333333333333
VCCD,8,15,0.5333333333333333
VCCH,8,15,0.5333333333333333
VCD,11,15,0.7333333333333333
VCH,11,15,0.7333333333333333
WHA,13,15,0.8666666666666667
WHCA,10,15,0.6666666666666666
WHCD,10,15,0.6666666666666666
WHCH,10,15,0.6666666666666666
WHD,13,15,0.8666666666666667
WHH,13,15,0.8666666666666667
