team_id,team,segunda_season,laliga_season,has_segunda_statistics,segunda_position,segunda_played,segunda_wins,segunda_draws,segunda_losses,segunda_goals_for,segunda_goals_against,segunda_goal_difference,segunda_points,laliga_position,laliga_played,laliga_wins,laliga_draws,laliga_losses,laliga_goals_for,laliga_goals_against,laliga_goal_difference,laliga_points,promotion_type,relegated_after_first_season,identification_method,points_per_match,goal_difference_per_match,survived_first_season
getafe,Getafe CF,2016/17,2017/18,False,,,,,,,,,,8.0,38.0,15.0,10.0,13.0,42.0,33.0,9.0,55.0,,False,new_team_vs_previous_laliga_season,1.4473684210526316,0.23684210526315788,True
girona,Girona FC,2016/17,2017/18,False,,,,,,,,,,10.0,38.0,14.0,9.0,15.0,50.0,59.0,-9.0,51.0,,False,new_team_vs_previous_laliga_season,1.3421052631578947,-0.23684210526315788,True
levante,Levante UD,2016/17,2017/18,False,,,,,,,,,,15.0,38.0,11.0,13.0,14.0,44.0,58.0,-14.0,46.0,,False,new_team_vs_previous_laliga_season,1.2105263157894737,-0.3684210526315789,True
huesca,SD Huesca,2017/18,2018/19,False,,,,,,,,,,19.0,38.0,7.0,12.0,19.0,43.0,65.0,-22.0,33.0,,True,new_team_vs_previous_laliga_season,0.868421052631579,-0.5789473684210527,False
valladolid,Real Valladolid,2017/18,2018/19,False,,,,,,,,,,17.0,38.0,10.0,11.0,17.0,32.0,51.0,-19.0,41.0,,False,new_team_vs_previous_laliga_season,1.0789473684210527,-0.5,True
vallecano,Rayo Vallecano,2017/18,2018/19,False,,,,,,,,,,20.0,38.0,8.0,8.0,22.0,41.0,70.0,-29.0,32.0,,True,new_team_vs_previous_laliga_season,0.8421052631578947,-0.7631578947368421,False
granada,Granada CF,2018/19,2019/20,False,,,,,,,,,,7.0,38.0,16.0,8.0,14.0,52.0,45.0,7.0,56.0,,False,new_team_vs_previous_laliga_season,1.4736842105263157,0.18421052631578946,True
mallorca,RCD Mallorca,2018/19,2019/20,False,,,,,,,,,,19.0,38.0,9.0,6.0,23.0,40.0,65.0,-25.0,33.0,,True,new_team_vs_previous_laliga_season,0.868421052631579,-0.6578947368421053,False
osasuna,CA Osasuna,2018/19,2019/20,False,,,,,,,,,,10.0,38.0,13.0,13.0,12.0,46.0,54.0,-8.0,52.0,,False,new_team_vs_previous_laliga_season,1.368421052631579,-0.21052631578947367,True
cadiz,Cádiz CF,2019/20,2020/21,False,,,,,,,,,,12.0,38.0,11.0,11.0,16.0,36.0,58.0,-22.0,44.0,,False,new_team_vs_previous_laliga_season,1.1578947368421053,-0.5789473684210527,True
elche,Elche CF,2019/20,2020/21,False,,,,,,,,,,17.0,38.0,8.0,12.0,18.0,34.0,55.0,-21.0,36.0,,False,new_team_vs_previous_laliga_season,0.9473684210526315,-0.5526315789473685,True
huesca,SD Huesca,2019/20,2020/21,False,,,,,,,,,,18.0,38.0,7.0,13.0,18.0,34.0,53.0,-19.0,34.0,,True,new_team_vs_previous_laliga_season,0.8947368421052632,-0.5,False
espanyol,RCD Espanyol,2020/21,2021/22,False,,,,,,,,,,14.0,38.0,10.0,12.0,16.0,40.0,53.0,-13.0,42.0,,False,new_team_vs_previous_laliga_season,1.105263157894737,-0.34210526315789475,True
mallorca,RCD Mallorca,2020/21,2021/22,False,,,,,,,,,,17.0,38.0,10.0,9.0,19.0,36.0,63.0,-27.0,39.0,,False,new_team_vs_previous_laliga_season,1.0263157894736843,-0.7105263157894737,True
vallecano,Rayo Vallecano,2020/21,2021/22,False,,,,,,,,,,12.0,38.0,11.0,9.0,18.0,39.0,50.0,-11.0,42.0,,False,new_team_vs_previous_laliga_season,1.105263157894737,-0.2894736842105263,True
almeria,UD Almería,2021/22,2022/23,True,1.0,42.0,24.0,9.0,9.0,68.0,35.0,33.0,81.0,17.0,38.0,11.0,8.0,19.0,49.0,65.0,-16.0,41.0,direct,False,new_team_vs_previous_laliga_season,1.0789473684210527,-0.42105263157894735,True
valladolid,Real Valladolid,2021/22,2022/23,True,2.0,42.0,24.0,9.0,9.0,71.0,43.0,28.0,81.0,18.0,38.0,11.0,7.0,20.0,33.0,63.0,-30.0,40.0,direct,True,new_team_vs_previous_laliga_season,1.0526315789473684,-0.7894736842105263,False
girona,Girona FC,2021/22,2022/23,True,7.0,42.0,20.0,8.0,14.0,57.0,42.0,15.0,68.0,10.0,38.0,13.0,10.0,15.0,58.0,55.0,3.0,49.0,playoff,False,new_team_vs_previous_laliga_season,1.2894736842105263,0.07894736842105263,True
granada,Granada CF,2022/23,2023/24,True,1.0,42.0,22.0,9.0,11.0,55.0,30.0,25.0,75.0,20.0,38.0,4.0,9.0,25.0,38.0,79.0,-41.0,21.0,direct,True,new_team_vs_previous_laliga_season,0.5526315789473685,-1.0789473684210527,False
las_palmas,UD Las Palmas,2022/23,2023/24,True,2.0,42.0,18.0,18.0,6.0,49.0,29.0,20.0,72.0,16.0,38.0,10.0,10.0,18.0,33.0,47.0,-14.0,40.0,direct,False,new_team_vs_previous_laliga_season,1.0526315789473684,-0.3684210526315789,True
alaves,Deportivo Alavés,2022/23,2023/24,True,4.0,42.0,19.0,14.0,9.0,47.0,33.0,14.0,71.0,10.0,38.0,12.0,10.0,16.0,36.0,46.0,-10.0,46.0,playoff,False,new_team_vs_previous_laliga_season,1.2105263157894737,-0.2631578947368421,True
leganes,CD Leganés,2023/24,2024/25,True,1.0,42.0,20.0,14.0,8.0,56.0,27.0,29.0,74.0,18.0,38.0,9.0,13.0,16.0,39.0,56.0,-17.0,40.0,direct,True,new_team_vs_previous_laliga_season,1.0526315789473684,-0.4473684210526316,False
valladolid,Real Valladolid,2023/24,2024/25,True,2.0,42.0,21.0,9.0,12.0,51.0,36.0,15.0,72.0,20.0,38.0,4.0,4.0,30.0,26.0,90.0,-64.0,16.0,direct,True,new_team_vs_previous_laliga_season,0.42105263157894735,-1.6842105263157894,False
espanyol,RCD Espanyol,2023/24,2024/25,True,4.0,42.0,17.0,18.0,7.0,59.0,40.0,19.0,69.0,15.0,38.0,11.0,9.0,18.0,40.0,51.0,-11.0,42.0,playoff,False,new_team_vs_previous_laliga_season,1.105263157894737,-0.2894736842105263,True
levante,Levante UD,2024/25,2025/26,True,1.0,42.0,22.0,13.0,7.0,69.0,42.0,27.0,79.0,18.0,38.0,11.0,9.0,18.0,47.0,61.0,-14.0,42.0,direct,False,new_team_vs_previous_laliga_season,1.105263157894737,-0.3684210526315789,True
elche,Elche CF,2024/25,2025/26,True,2.0,42.0,22.0,11.0,9.0,59.0,34.0,25.0,77.0,13.0,38.0,10.0,13.0,15.0,49.0,57.0,-8.0,43.0,direct,False,new_team_vs_previous_laliga_season,1.131578947368421,-0.21052631578947367,True
oviedo,Real Oviedo,2024/25,2025/26,True,4.0,42.0,21.0,12.0,9.0,56.0,42.0,14.0,75.0,20.0,38.0,6.0,11.0,21.0,26.0,60.0,-34.0,29.0,playoff,True,new_team_vs_previous_laliga_season,0.7631578947368421,-0.8947368421052632,False
