model,feature,coefficient_home,coefficient_draw,coefficient_away,mean_absolute_coefficient,rank
logistic_market,market_probability_away,-0.27408379282200007,-0.010255376252398038,0.28433916907439916,0.18955944604959907,1
logistic_market,market_probability_home,0.27400861501269413,-0.028414720267713304,-0.24559389474498083,0.18267241000846277,2
logistic_market,away_season_win_rate_pre,0.0949480603439887,0.07736354030496727,-0.17231160064895543,0.11487440043263712,3
logistic_market,missingindicator_venue_ppg_5_difference,-0.054764363617154505,-0.10924625738263719,0.16401062099979116,0.10934041399986094,4
logistic_market,market_probability_draw,-0.10788655891321199,0.12828133279992399,-0.020394773886712406,0.08552088853328278,5
logistic_market,away_form_goals_for_avg_5,-0.05678132695804633,0.12326221626446193,-0.06648088930641594,0.08217481084297473,6
logistic_market,home_league_position_pre,0.005933410293696117,0.10511468495918533,-0.11104809525288173,0.07403206350192106,7
logistic_market,away_season_ppg_pre,-0.06441863648810095,0.10949943598481118,-0.0450807994967104,0.07299962398987418,8
logistic_market,form_ppg_10_difference,0.03728141292994472,0.06230902192585269,-0.09959043485579747,0.06639362323719829,9
logistic_market,away_league_position_pre,-0.03392307876205229,0.0903154103600842,-0.05639233159803133,0.06021027357338927,10
logistic_market,away_form_goals_for_avg_10,0.08736730502033026,-0.0780723962985273,-0.009294908721802744,0.05824487001355343,11
logistic_market,history_ready_5,0.08537143905864202,-0.01663872896291908,-0.06873271009572267,0.05691429270576126,12
logistic_market,home_season_ppg_pre,-0.03067946617601264,0.08140031723725914,-0.05072085106124734,0.05426687815817304,13
logistic_market,away_season_goal_difference_avg_pre,0.026702341469556457,-0.07816698556629889,0.051464644096741945,0.05211132371086576,14
logistic_market,away_season_goals_against_avg_pre,0.01057277954610682,0.0662738749698796,-0.07684665451598613,0.05123110301065751,15
logistic_market,home_days_rest,-0.07420521188928665,0.04284329577575414,0.031361916113532805,0.049470141259524536,16
logistic_market,away_division_changed,0.07324106849716809,1.8707141388898706e-05,-0.07325977563855712,0.048839850425704705,17
logistic_market,season_ppg_difference,0.072663980821903,-0.020028114333279442,-0.05263586648862371,0.04844265388126872,18
logistic_market,home_form_goals_against_avg_10,0.0048812873587279655,0.06750094349665588,-0.072382230855384,0.04825482057025595,19
logistic_market,away_form_ppg_10,-0.07203311353646837,0.0002594576788847067,0.07177365585758394,0.048022075690979,20
logistic_market,away_form_goal_difference_avg_10,0.07088127627844076,-0.025165330635156045,-0.04571594564328526,0.04725418418562736,21
logistic_market,home_venue_win_rate_5,-0.07087928877549209,0.002342695641085347,0.06853659313440684,0.04725285918366142,22
logistic_market,away_form_goal_difference_avg_5,-0.020265553125714847,0.06656989317987264,-0.0463043400541579,0.04437992878658179,23
logistic_market,away_form_goals_against_avg_10,-0.01712614796653979,-0.04928258620782481,0.06640873417436403,0.044272489449576215,24
logistic_market,home_season_win_rate_pre,0.06535380220932481,-0.019948767143541074,-0.04540503506578423,0.04356920147288337,25
logistic_market,home_season_goals_for_avg_pre,-0.06366489456277515,0.05463557013473023,0.009029324428045138,0.04244326304185017,26
logistic_market,away_venue_goals_against_avg_5,0.05117925110750939,-0.06248532390623247,0.011306072798723222,0.04165688260415503,27
logistic_market,home_form_shots_on_target_against_avg_5,-0.013708244960996104,-0.046664677930189184,0.06037292289118593,0.040248615260790405,28
logistic_market,away_venue_win_rate_5,-0.008538293730336589,-0.05058932566923998,0.05912761939957653,0.03941841293305103,29
logistic_market,home_form_ppg_5,-0.05851718499685981,0.008308806164581212,0.05020837883227849,0.039011456664573174,30
logistic_market,home_form_goal_difference_avg_5,0.057061363734158016,-0.031062736890845145,-0.025998626843313354,0.0380409091561055,31
logistic_market,season_goal_difference_avg,-0.011106726851689987,0.056237642673441536,-0.04513091582175135,0.03749176178229429,32
logistic_market,away_season_goals_for_avg_pre,0.0467586494313434,-0.056148579454156446,0.00938993002281267,0.03743238630277084,33
logistic_market,home_form_win_rate_5,-0.055932487263589854,0.018298096602486838,0.03763439066110261,0.037288324842393104,34
logistic_market,away_venue_shots_on_target_for_avg_5,-0.0072498842775415625,-0.04440589628788493,0.051655780565426745,0.03443718704361775,35
logistic_market,form_goal_difference_5_difference,0.051565837710420226,-0.013435955180392874,-0.038129882530027207,0.0343772251402801,36
logistic_market,away_form_shots_on_target_against_avg_5,-0.024362052510822192,-0.026892483652997012,0.051254536163819274,0.034169690775879495,37
logistic_market,away_elo_pre,-0.05027750844142981,0.027515985100027812,0.02276152334140226,0.03351833896095329,38
logistic_market,away_venue_ppg_5,0.049624752326195024,-0.02557731022372552,-0.02404744210246972,0.03308316821746342,39
logistic_market,away_venue_goals_for_avg_5,-0.03575267089518705,0.049079674761161214,-0.013327003865973942,0.0327197831741074,40
logistic_market,home_season_matches_pre,0.027743639382676488,-0.04882699091469662,0.021083351532020008,0.03255132727646437,41
logistic_market,home_form_goals_for_avg_5,0.04655210062535606,-0.04124800969138079,-0.005304090933975264,0.03103473375023737,42
logistic_market,venue_ppg_5_difference,-0.04158722120096632,0.04434865912609803,-0.0027614379251318408,0.029565772750732064,43
logistic_market,away_days_rest,0.024017720397828794,0.019903231600095998,-0.04392095199792434,0.02928063466528304,44
logistic_market,away_form_draw_rate_5,0.02035174586314086,0.02317547747854825,-0.04352722334168948,0.029018148894459528,45
logistic_market,days_rest_difference,0.032149603235338504,0.011339541502297594,-0.043489144737636036,0.028992763158424046,46
logistic_market,missingindicator_away_season_ppg_pre,-0.03510549425454491,0.04259926422452672,-0.007493769969981523,0.028399509483017716,47
logistic_market,missingindicator_away_season_win_rate_pre,-0.03510549425454491,0.04259926422452672,-0.007493769969981523,0.028399509483017716,48
logistic_market,missingindicator_away_season_goals_for_avg_pre,-0.03510549425454491,0.04259926422452672,-0.007493769969981523,0.028399509483017716,49
logistic_market,missingindicator_away_season_goals_against_avg_pre,-0.03510549425454491,0.04259926422452672,-0.007493769969981523,0.028399509483017716,50
logistic_market,missingindicator_away_season_goal_difference_avg_pre,-0.03510549425454491,0.04259926422452672,-0.007493769969981523,0.028399509483017716,51
logistic_market,home_form_ppg_10,-0.02679768541086365,0.04256708472780996,-0.01576939931694591,0.02837805648520651,52
logistic_market,form_ppg_5_difference,-0.04153279658120413,0.015557652571585028,0.025975144009618704,0.02768853105413595,53
logistic_market,home_venue_shots_on_target_for_avg_5,0.02934316214091945,-0.039830366948762276,0.010487204807843011,0.02655357796584158,54
logistic_market,season_win_rate_difference,0.0395763101425062,-0.03933410071604341,-0.0002422094264631485,0.026384206761670918,55
logistic_market,home_form_shots_on_target_for_avg_5,-0.03948535258737274,0.018106753076924467,0.02137859951044825,0.026323568391581818,56
logistic_market,elo_expected_home,0.008518676612098802,0.030816605590428384,-0.03933528220252749,0.026223521468351562,57
logistic_market,league_position_advantage,-0.028326427220260575,-0.010655713475100212,0.03898214069536131,0.025988093796907363,58
logistic_market,home_form_draw_rate_5,0.009632251050185777,-0.03877035595757173,0.02913810490738597,0.02584690397171449,59
logistic_market,home_form_goals_against_avg_5,-0.03836743825656264,0.004045896479943402,0.03432154177661963,0.02557829217104189,60
logistic_market,home_form_goal_difference_avg_10,0.013286431633299888,-0.03673757081634801,0.02345113918304765,0.024491713877565182,61
logistic_market,away_form_shots_on_target_for_avg_5,-0.034398585081989466,0.011108652334217772,0.02328993274777132,0.02293239005465952,62
logistic_market,home_venue_ppg_5,0.02952609427889629,-0.0343113491012468,0.004785254822350369,0.022874232734164487,63
logistic_market,home_season_goals_against_avg_pre,-0.01749209302825264,0.03338463442204805,-0.015892541393794684,0.022256422948031793,64
logistic_market,home_season_goal_difference_avg_pre,-0.03287331318106052,0.017144507471520038,0.01572880570953967,0.021915542120706743,65
logistic_market,away_season_matches_pre,-0.017491599901437532,-0.014999291427391006,0.032490891328828056,0.021660594219218867,66
logistic_market,home_venue_goals_against_avg_5,0.0014424033644669298,-0.032004776990587534,0.030562373626120548,0.021336517993725004,67
logistic_market,away_form_goals_against_avg_5,-0.031292473632061106,0.03175043249004591,-0.0004579588579841342,0.021166954993363716,68
logistic_market,home_form_goals_for_avg_10,0.02381034205162421,0.006601578216510916,-0.030411920268134822,0.020274613512089982,69
logistic_market,missingindicator_away_segunda_position,-0.02005066691810877,-0.01012823622610222,0.030178903144211056,0.02011926876280735,70
logistic_market,away_promoted,0.020050666918108657,0.010128236226102183,-0.030178903144210983,0.020119268762807275,71
logistic_market,elo_difference_pre,0.030068929972313817,-0.017022633746484887,-0.013046296225828658,0.020045953314875787,72
logistic_market,missingindicator_home_season_ppg_pre,0.022205992438711936,-0.029139552026418474,0.0069335595877066105,0.01942636801761234,73
logistic_market,missingindicator_home_season_win_rate_pre,0.022205992438711936,-0.029139552026418474,0.0069335595877066105,0.01942636801761234,74
logistic_market,missingindicator_home_season_goals_for_avg_pre,0.022205992438711936,-0.029139552026418474,0.0069335595877066105,0.01942636801761234,75
logistic_market,missingindicator_home_season_goals_against_avg_pre,0.022205992438711936,-0.029139552026418474,0.0069335595877066105,0.01942636801761234,76
logistic_market,missingindicator_home_season_goal_difference_avg_pre,0.022205992438711936,-0.029139552026418474,0.0069335595877066105,0.01942636801761234,77
logistic_market,home_venue_goals_for_avg_5,0.0036412075267430633,0.02481497645720365,-0.028456183983947163,0.01897078932263129,78
logistic_market,missingindicator_away_venue_ppg_5,0.01247453732315281,0.014448189124148395,-0.026922726447301246,0.017948484298200815,79
logistic_market,missingindicator_away_venue_win_rate_5,0.01247453732315281,0.014448189124148395,-0.026922726447301246,0.017948484298200815,80
logistic_market,missingindicator_away_venue_goals_for_avg_5,0.01247453732315281,0.014448189124148395,-0.026922726447301246,0.017948484298200815,81
logistic_market,missingindicator_away_venue_goals_against_avg_5,0.01247453732315281,0.014448189124148395,-0.026922726447301246,0.017948484298200815,82
logistic_market,missingindicator_away_venue_shots_on_target_for_avg_5,0.01247453732315281,0.014448189124148395,-0.026922726447301246,0.017948484298200815,83
logistic_market,away_form_ppg_5,0.004918744658982196,0.020618399086101757,-0.025537143745083916,0.017024762496722624,84
logistic_market,missingindicator_form_ppg_5_difference,-0.01323268996409211,0.024805789129969683,-0.011573099165877457,0.016537192753313085,85
logistic_market,missingindicator_form_ppg_10_difference,-0.01323268996409211,0.024805789129969683,-0.011573099165877457,0.016537192753313085,86
logistic_market,missingindicator_form_goal_difference_5_difference,-0.01323268996409211,0.024805789129969683,-0.011573099165877457,0.016537192753313085,87
logistic_market,missingindicator_form_shots_on_target_5_difference,-0.01323268996409211,0.024805789129969683,-0.011573099165877457,0.016537192753313085,88
logistic_market,missingindicator_days_rest_difference,-0.01323268996409211,0.024805789129969683,-0.011573099165877457,0.016537192753313085,89
logistic_market,away_segunda_position,-0.02417426847113226,-0.00042240849976813534,0.024596676970900327,0.01639778464726691,90
logistic_market,missingindicator_home_segunda_position,-0.022149271601424554,0.02197370852435132,0.00017556307707312062,0.014766181067616332,91
logistic_market,home_promoted,0.022149271601424592,-0.02197370852435132,-0.0001755630770730365,0.014766181067616317,92
logistic_market,missingindicator_season_ppg_difference,0.003994766205302676,-0.021526444498488447,0.017531678293185676,0.014350962998992267,93
logistic_market,missingindicator_season_win_rate_difference,0.003994766205302676,-0.021526444498488447,0.017531678293185676,0.014350962998992267,94
logistic_market,missingindicator_season_goal_difference_avg,0.003994766205302676,-0.021526444498488447,0.017531678293185676,0.014350962998992267,95
logistic_market,home_segunda_position,0.021206926093894306,-0.00792113710349801,-0.013285788990396367,0.014137950729262895,96
logistic_market,history_ready_10,0.00608995425726746,0.009319103614209108,-0.015409057871476294,0.010272705247650954,97
logistic_market,home_division_changed,-0.01024116815215878,-0.004614961732594594,0.014856129884753353,0.009904086589835576,98
logistic_market,missingindicator_home_league_position_pre,0.014810656746579215,-0.006588727496676354,-0.008221929249902902,0.009873771164386156,99
logistic_market,missingindicator_away_league_position_pre,0.014810656746579215,-0.006588727496676354,-0.008221929249902902,0.009873771164386156,100
logistic_market,missingindicator_league_position_advantage,0.014810656746579215,-0.006588727496676354,-0.008221929249902902,0.009873771164386156,101
logistic_market,form_shots_on_target_5_difference,0.0007415219700811212,-0.012548605588952844,0.011807083618871755,0.008365737059301907,102
logistic_market,away_form_win_rate_5,-0.0010378930828559988,0.012475842926580513,-0.01143794984372438,0.008317228617720296,103
logistic_market,missingindicator_home_days_rest,0.01165481033938519,-0.009172656379792005,-0.002482153959592904,0.0077698735595900315,104
logistic_market,missingindicator_home_form_ppg_5,0.01165481033938519,-0.009172656379792005,-0.002482153959592904,0.0077698735595900315,105
logistic_market,missingindicator_home_form_win_rate_5,0.01165481033938519,-0.009172656379792005,-0.002482153959592904,0.0077698735595900315,106
logistic_market,missingindicator_home_form_draw_rate_5,0.01165481033938519,-0.009172656379792005,-0.002482153959592904,0.0077698735595900315,107
logistic_market,missingindicator_home_form_goals_for_avg_5,0.01165481033938519,-0.009172656379792005,-0.002482153959592904,0.0077698735595900315,108
logistic_market,missingindicator_home_form_goals_against_avg_5,0.01165481033938519,-0.009172656379792005,-0.002482153959592904,0.0077698735595900315,109
logistic_market,missingindicator_home_form_goal_difference_avg_5,0.01165481033938519,-0.009172656379792005,-0.002482153959592904,0.0077698735595900315,110
logistic_market,missingindicator_home_form_shots_on_target_for_avg_5,0.01165481033938519,-0.009172656379792005,-0.002482153959592904,0.0077698735595900315,111
logistic_market,missingindicator_home_form_shots_on_target_against_avg_5,0.01165481033938519,-0.009172656379792005,-0.002482153959592904,0.0077698735595900315,112
logistic_market,missingindicator_home_form_ppg_10,0.01165481033938519,-0.009172656379792005,-0.002482153959592904,0.0077698735595900315,113
logistic_market,missingindicator_home_form_goals_for_avg_10,0.01165481033938519,-0.009172656379792005,-0.002482153959592904,0.0077698735595900315,114
logistic_market,missingindicator_home_form_goals_against_avg_10,0.01165481033938519,-0.009172656379792005,-0.002482153959592904,0.0077698735595900315,115
logistic_market,missingindicator_home_form_goal_difference_avg_10,0.01165481033938519,-0.009172656379792005,-0.002482153959592904,0.0077698735595900315,116
logistic_market,missingindicator_home_venue_ppg_5,0.0031571687555700953,0.007731648242160015,-0.010888816997730064,0.007259211331820058,117
logistic_market,missingindicator_home_venue_win_rate_5,0.0031571687555700953,0.007731648242160015,-0.010888816997730064,0.007259211331820058,118
logistic_market,missingindicator_home_venue_goals_for_avg_5,0.0031571687555700953,0.007731648242160015,-0.010888816997730064,0.007259211331820058,119
logistic_market,missingindicator_home_venue_goals_against_avg_5,0.0031571687555700953,0.007731648242160015,-0.010888816997730064,0.007259211331820058,120
logistic_market,missingindicator_home_venue_shots_on_target_for_avg_5,0.0031571687555700953,0.007731648242160015,-0.010888816997730064,0.007259211331820058,121
logistic_market,home_elo_pre,-0.007111025683600152,0.003081097519691206,0.004029928163909167,0.004740683789066842,122
logistic_market,missingindicator_away_days_rest,-0.006639300454435432,-0.00041740514242301254,0.007056705596858362,0.004704470397905602,123
logistic_market,missingindicator_away_form_ppg_5,-0.006639300454435432,-0.00041740514242301254,0.007056705596858362,0.004704470397905602,124
logistic_market,missingindicator_away_form_win_rate_5,-0.006639300454435432,-0.00041740514242301254,0.007056705596858362,0.004704470397905602,125
logistic_market,missingindicator_away_form_draw_rate_5,-0.006639300454435432,-0.00041740514242301254,0.007056705596858362,0.004704470397905602,126
logistic_market,missingindicator_away_form_goals_for_avg_5,-0.006639300454435432,-0.00041740514242301254,0.007056705596858362,0.004704470397905602,127
logistic_market,missingindicator_away_form_goals_against_avg_5,-0.006639300454435432,-0.00041740514242301254,0.007056705596858362,0.004704470397905602,128
logistic_market,missingindicator_away_form_goal_difference_avg_5,-0.006639300454435432,-0.00041740514242301254,0.007056705596858362,0.004704470397905602,129
logistic_market,missingindicator_away_form_shots_on_target_for_avg_5,-0.006639300454435432,-0.00041740514242301254,0.007056705596858362,0.004704470397905602,130
logistic_market,missingindicator_away_form_shots_on_target_against_avg_5,-0.006639300454435432,-0.00041740514242301254,0.007056705596858362,0.004704470397905602,131
logistic_market,missingindicator_away_form_ppg_10,-0.006639300454435432,-0.00041740514242301254,0.007056705596858362,0.004704470397905602,132
logistic_market,missingindicator_away_form_goals_for_avg_10,-0.006639300454435432,-0.00041740514242301254,0.007056705596858362,0.004704470397905602,133
logistic_market,missingindicator_away_form_goals_against_avg_10,-0.006639300454435432,-0.00041740514242301254,0.007056705596858362,0.004704470397905602,134
logistic_market,missingindicator_away_form_goal_difference_avg_10,-0.006639300454435432,-0.00041740514242301254,0.007056705596858362,0.004704470397905602,135
logistic_sports,elo_expected_home,0.13111874296893045,0.06014272012611144,-0.1912614630950421,0.12750764206336132,1
logistic_sports,away_season_win_rate_pre,0.0946167428839334,0.07856414680973266,-0.1731808896936662,0.11545392646244408,2
logistic_sports,elo_difference_pre,0.1622465450422426,-0.05054081001542452,-0.1117057350268191,0.10816436336149542,3
logistic_sports,missingindicator_venue_ppg_5_difference,-0.042852776003686865,-0.11164896184030303,0.15450173784398913,0.10300115856265968,4
logistic_sports,away_elo_pre,-0.1456296084264255,0.03883847561963212,0.10679113280679295,0.09708640561761687,5
logistic_sports,away_form_goals_for_avg_5,-0.058206089977923335,0.11783945650990843,-0.059633366531986094,0.07855963767327262,6
logistic_sports,away_season_ppg_pre,-0.01989296051580817,0.10731880156166398,-0.08742584104585498,0.07154586770777571,7
logistic_sports,home_league_position_pre,0.005429007022784533,0.1014248782219113,-0.10685388524469568,0.07123592349646383,8
logistic_sports,away_season_goals_against_avg_pre,0.04130879878019663,0.061085560412302814,-0.10239435919249995,0.06826290612833313,9
logistic_sports,home_form_shots_on_target_against_avg_5,-0.05121328831604103,-0.04661334283763675,0.09782663115367717,0.06521775410245165,10
logistic_sports,season_goal_difference_avg,0.045206215768002087,0.04889354460916338,-0.09409976037716532,0.06273317358477692,11
logistic_sports,away_season_goal_difference_avg_pre,-0.00919780466234349,-0.08149270084007891,0.09069050550242246,0.060460337001614954,12
logistic_sports,home_season_ppg_pre,-0.054853650033046,0.08829973204439077,-0.033446082011344996,0.058866488029593926,13
logistic_sports,home_elo_pre,0.0869523110629781,-0.03359475716830919,-0.05335755389466902,0.05796820737531877,14
logistic_sports,away_form_goals_for_avg_10,0.06790576182017999,-0.08610821639266078,0.01820245457248124,0.057405477595107335,15
logistic_sports,away_league_position_pre,-0.03698099615636011,0.08407003878190263,-0.04708904262554217,0.056046692521268295,16
logistic_sports,home_venue_shots_on_target_for_avg_5,0.08312664446229172,-0.05347121739087698,-0.029655427071415073,0.05541776297486126,17
logistic_sports,away_venue_shots_on_target_for_avg_5,-0.033518726846818316,-0.04780854195025306,0.08132726879707108,0.05421817919804748,18
logistic_sports,history_ready_5,0.07834879739929244,-0.018368277532993582,-0.059980519866299015,0.05223253159952834,19
logistic_sports,away_venue_win_rate_5,-0.023822788173064227,-0.052431000373424304,0.0762537885464884,0.05083585903099231,20
logistic_sports,away_division_changed,0.0735894986100821,0.0021580525059183356,-0.07574755111600018,0.05049836741066687,21
logistic_sports,venue_ppg_5_difference,-0.07069972343564228,0.04958171408947714,0.021118009346165218,0.04713314895709488,22
logistic_sports,form_ppg_10_difference,0.008327834330970226,0.06196971370347575,-0.07029754803444678,0.04686503202296425,23
logistic_sports,home_days_rest,-0.06891556514135071,0.04019772686920976,0.02871783827214108,0.04594371009423385,24
logistic_sports,away_venue_ppg_5,0.06691919597695177,-0.028042407897103504,-0.03887678807984796,0.044612797317967745,25
logistic_sports,home_form_ppg_5,-0.06658986041846035,0.013358036309120093,0.05323182410934023,0.04439324027897356,26
logistic_sports,away_season_goals_for_avg_pre,0.02102869555049274,-0.06525957647567304,0.044230880925180086,0.04350638431711529,27
logistic_sports,home_form_goals_against_avg_10,-0.003569297328093512,0.06344335051122753,-0.05987405318313424,0.042295567007485095,28
logistic_sports,away_venue_goals_against_avg_5,0.06165555193082801,-0.06232580771401312,0.0006702557831852851,0.04155053847600881,29
logistic_sports,home_form_goals_for_avg_10,0.06194830709854348,-0.01225146370000187,-0.04969684339854225,0.041298871399029206,30
logistic_sports,home_form_win_rate_5,-0.06006518313851673,0.021365278834880888,0.038699904303635534,0.04004345542567772,31
logistic_sports,away_form_goal_difference_avg_5,-0.008164698167067799,0.05909487257137501,-0.05093017440430746,0.03939658171425009,32
logistic_sports,away_form_goals_against_avg_10,0.0025100509509913015,-0.05750789133107345,0.05499784038008286,0.03833859422071587,33
logistic_sports,home_season_win_rate_pre,0.05704292022390776,-0.02001603169813068,-0.03702688852577796,0.038028613482605465,34
logistic_sports,home_form_goal_difference_avg_5,0.05369683017149975,-0.03244282650572669,-0.021254003665773406,0.03579788678099995,35
logistic_sports,away_form_draw_rate_5,0.024841441573235583,0.027716512098702798,-0.05255795367193891,0.03503863578129243,36
logistic_sports,away_form_goals_against_avg_5,-0.05228439664855315,0.037639246852751156,0.014645149795801907,0.034856264432368736,37
logistic_sports,away_form_ppg_10,-0.05205346598529893,0.003262881539149543,0.04879058444614999,0.03470231065686615,38
logistic_sports,away_days_rest,0.031991230476458736,0.019872194562439292,-0.05186342503889826,0.03457561669259876,39
logistic_sports,days_rest_difference,0.04047374832277796,0.010079271099131247,-0.050553019421909165,0.03370201294793946,40
logistic_sports,home_season_matches_pre,0.026997003321264115,-0.05051355557975442,0.023516552258490062,0.0336757037198362,41
logistic_sports,home_form_goals_for_avg_5,0.04931995282097313,-0.04284105143873196,-0.006478901382240839,0.03287996854731531,42
logistic_sports,away_venue_goals_for_avg_5,-0.042033401995614735,0.04902544141603281,-0.006992039420417966,0.032683627610688507,43
logistic_sports,away_form_shots_on_target_for_avg_5,-0.04858381844190111,0.005608289006463954,0.0429755294354369,0.03238921229460066,44
logistic_sports,home_form_ppg_10,-0.04835358524578862,0.04674669804643687,0.0016068871993528897,0.0322357234971928,45
logistic_sports,home_venue_win_rate_5,-0.045994619671905594,-0.002256099295246595,0.04825071896715277,0.032167145978101656,46
logistic_sports,home_form_goal_difference_avg_10,0.044509543739631556,-0.04714008902929961,0.002630545289667401,0.03142672601953286,47
logistic_sports,season_win_rate_difference,0.04703497078378933,-0.04006553678561684,-0.006969433998172504,0.03135664718919289,48
logistic_sports,away_form_goal_difference_avg_10,0.04574331522732029,-0.02589451205290283,-0.01984880317441687,0.030495543484879994,49
logistic_sports,form_ppg_5_difference,-0.045731974548953454,0.014628321631277912,0.03110365291767564,0.030487983032635668,50
logistic_sports,league_position_advantage,-0.03012349747137788,-0.012473263614423157,0.042596761085800496,0.02839784072386718,51
logistic_sports,missingindicator_away_season_ppg_pre,-0.035743374071007424,0.04171038066312475,-0.005967006592117084,0.027806920442083088,52
logistic_sports,missingindicator_away_season_win_rate_pre,-0.035743374071007424,0.04171038066312475,-0.005967006592117084,0.027806920442083088,53
logistic_sports,missingindicator_away_season_goals_for_avg_pre,-0.035743374071007424,0.04171038066312475,-0.005967006592117084,0.027806920442083088,54
logistic_sports,missingindicator_away_season_goals_against_avg_pre,-0.035743374071007424,0.04171038066312475,-0.005967006592117084,0.027806920442083088,55
logistic_sports,missingindicator_away_season_goal_difference_avg_pre,-0.035743374071007424,0.04171038066312475,-0.005967006592117084,0.027806920442083088,56
logistic_sports,away_form_shots_on_target_against_avg_5,0.03745303221372317,-0.03950380902727792,0.0020507768135548466,0.026335872684851977,57
logistic_sports,form_goal_difference_5_difference,0.03806474802525396,-0.010237274191110689,-0.02782747383414319,0.025376498683502613,58
logistic_sports,away_promoted,0.031080141983556048,0.005589030234058874,-0.03666917221761508,0.02444611481174333,59
logistic_sports,missingindicator_away_segunda_position,-0.031080141983556214,-0.005589030234058723,0.03666917221761503,0.02444611481174332,60
logistic_sports,home_season_goals_for_avg_pre,-0.016259406728725893,0.03543511224558717,-0.019175705516861666,0.02362340816372491,61
logistic_sports,home_form_draw_rate_5,-0.0019807542074028496,-0.0332486121653576,0.035229366372760314,0.023486244248506916,62
logistic_sports,home_venue_goals_against_avg_5,-0.005218692207856424,-0.028995054289556867,0.03421374649741303,0.022809164331608775,63
logistic_sports,home_season_goals_against_avg_pre,-0.023059566706517667,0.03376004774744461,-0.010700481040927006,0.022506698498296427,64
logistic_sports,away_segunda_position,-0.03373079490773015,0.004692460973172844,0.0290383339345573,0.022487196605153432,65
logistic_sports,season_ppg_difference,0.033176845563156566,-0.013996155006562937,-0.019180690556593678,0.02211789704210439,66
logistic_sports,form_shots_on_target_5_difference,0.031082610732870847,-0.016204213243537584,-0.014878397489333124,0.02072174048858052,67
logistic_sports,away_form_ppg_5,0.0038402875902188716,0.0265973246093476,-0.030437612199566817,0.02029174146637776,68
logistic_sports,home_form_goals_against_avg_5,-0.03026870100168638,0.00447929138680911,0.025789409614877787,0.020179134001124425,69
logistic_sports,home_venue_goals_for_avg_5,-0.00521791352458732,0.02813478964708682,-0.022916876122500398,0.018756526431391512,70
logistic_sports,missingindicator_home_season_ppg_pre,0.02679919858228443,-0.027898114445596863,0.0010989158633124931,0.01859874296373126,71
logistic_sports,missingindicator_home_season_win_rate_pre,0.02679919858228443,-0.027898114445596863,0.0010989158633124931,0.01859874296373126,72
logistic_sports,missingindicator_home_season_goals_for_avg_pre,0.02679919858228443,-0.027898114445596863,0.0010989158633124931,0.01859874296373126,73
logistic_sports,missingindicator_home_season_goals_against_avg_pre,0.02679919858228443,-0.027898114445596863,0.0010989158633124931,0.01859874296373126,74
logistic_sports,missingindicator_home_season_goal_difference_avg_pre,0.02679919858228443,-0.027898114445596863,0.0010989158633124931,0.01859874296373126,75
logistic_sports,missingindicator_away_venue_ppg_5,0.014420115927128226,0.013259915634426914,-0.027680031561554998,0.018453354374370044,76
logistic_sports,missingindicator_away_venue_win_rate_5,0.014420115927128226,0.013259915634426914,-0.027680031561554998,0.018453354374370044,77
logistic_sports,missingindicator_away_venue_goals_for_avg_5,0.014420115927128226,0.013259915634426914,-0.027680031561554998,0.018453354374370044,78
logistic_sports,missingindicator_away_venue_goals_against_avg_5,0.014420115927128226,0.013259915634426914,-0.027680031561554998,0.018453354374370044,79
logistic_sports,missingindicator_away_venue_shots_on_target_for_avg_5,0.014420115927128226,0.013259915634426914,-0.027680031561554998,0.018453354374370044,80
logistic_sports,home_venue_ppg_5,0.01880020656486015,-0.027635438207129496,0.008835231642268479,0.018423625471419378,81
logistic_sports,missingindicator_form_ppg_5_difference,-0.01964505621748504,0.02763421384314588,-0.007989157625660725,0.01842280922876388,82
logistic_sports,missingindicator_form_ppg_10_difference,-0.01964505621748504,0.02763421384314588,-0.007989157625660725,0.01842280922876388,83
logistic_sports,missingindicator_form_goal_difference_5_difference,-0.01964505621748504,0.02763421384314588,-0.007989157625660725,0.01842280922876388,84
logistic_sports,missingindicator_form_shots_on_target_5_difference,-0.01964505621748504,0.02763421384314588,-0.007989157625660725,0.01842280922876388,85
logistic_sports,missingindicator_days_rest_difference,-0.01964505621748504,0.02763421384314588,-0.007989157625660725,0.01842280922876388,86
logistic_sports,missingindicator_season_ppg_difference,-0.0021432402588628407,-0.02509703989057132,0.027240280149434245,0.018160186766289468,87
logistic_sports,missingindicator_season_win_rate_difference,-0.0021432402588628407,-0.02509703989057132,0.027240280149434245,0.018160186766289468,88
logistic_sports,missingindicator_season_goal_difference_avg,-0.0021432402588628407,-0.02509703989057132,0.027240280149434245,0.018160186766289468,89
logistic_sports,away_season_matches_pre,-0.012290812323863153,-0.014222610755842337,0.026513423079705636,0.017675615386470375,90
logistic_sports,history_ready_10,-0.002521746264606914,0.024992315534467652,-0.022470569269860796,0.01666154368964512,91
logistic_sports,home_promoted,0.01596226447903905,-0.0219583130450687,0.005996048566029841,0.014638875363379197,92
logistic_sports,missingindicator_home_segunda_position,-0.015962264479039007,0.021958313045068754,-0.005996048566029697,0.014638875363379154,93
logistic_sports,home_segunda_position,0.02166871733961954,-0.003000033497939114,-0.018668683841680345,0.014445811559746334,94
logistic_sports,home_division_changed,-0.016420318449733292,-0.002617731598788741,0.019038050048521996,0.012692033365681343,95
logistic_sports,away_form_win_rate_5,-0.0032345543761873622,0.016683780238423634,-0.013449225862236023,0.011122520158949005,96
logistic_sports,home_form_shots_on_target_for_avg_5,-0.014477261985528997,0.008785560285717862,0.005691701699810993,0.009651507990352618,97
logistic_sports,missingindicator_home_league_position_pre,0.013915388402653254,-0.004369085900030495,-0.009546302502622946,0.009276925601768899,98
logistic_sports,missingindicator_away_league_position_pre,0.013915388402653254,-0.004369085900030495,-0.009546302502622946,0.009276925601768899,99
logistic_sports,missingindicator_league_position_advantage,0.013915388402653254,-0.004369085900030495,-0.009546302502622946,0.009276925601768899,100
logistic_sports,missingindicator_home_days_rest,0.013390144950352715,-0.010562025764724625,-0.0028281191856279965,0.008926763300235112,101
logistic_sports,missingindicator_home_form_ppg_5,0.013390144950352715,-0.010562025764724625,-0.0028281191856279965,0.008926763300235112,102
logistic_sports,missingindicator_home_form_win_rate_5,0.013390144950352715,-0.010562025764724625,-0.0028281191856279965,0.008926763300235112,103
logistic_sports,missingindicator_home_form_draw_rate_5,0.013390144950352715,-0.010562025764724625,-0.0028281191856279965,0.008926763300235112,104
logistic_sports,missingindicator_home_form_goals_for_avg_5,0.013390144950352715,-0.010562025764724625,-0.0028281191856279965,0.008926763300235112,105
logistic_sports,missingindicator_home_form_goals_against_avg_5,0.013390144950352715,-0.010562025764724625,-0.0028281191856279965,0.008926763300235112,106
logistic_sports,missingindicator_home_form_goal_difference_avg_5,0.013390144950352715,-0.010562025764724625,-0.0028281191856279965,0.008926763300235112,107
logistic_sports,missingindicator_home_form_shots_on_target_for_avg_5,0.013390144950352715,-0.010562025764724625,-0.0028281191856279965,0.008926763300235112,108
logistic_sports,missingindicator_home_form_shots_on_target_against_avg_5,0.013390144950352715,-0.010562025764724625,-0.0028281191856279965,0.008926763300235112,109
logistic_sports,missingindicator_home_form_ppg_10,0.013390144950352715,-0.010562025764724625,-0.0028281191856279965,0.008926763300235112,110
logistic_sports,missingindicator_home_form_goals_for_avg_10,0.013390144950352715,-0.010562025764724625,-0.0028281191856279965,0.008926763300235112,111
logistic_sports,missingindicator_home_form_goals_against_avg_10,0.013390144950352715,-0.010562025764724625,-0.0028281191856279965,0.008926763300235112,112
logistic_sports,missingindicator_home_form_goal_difference_avg_10,0.013390144950352715,-0.010562025764724625,-0.0028281191856279965,0.008926763300235112,113
logistic_sports,missingindicator_home_venue_ppg_5,-0.006652118937777002,0.011811399595123881,-0.0051592806573469985,0.007874266396749293,114
logistic_sports,missingindicator_home_venue_win_rate_5,-0.006652118937777002,0.011811399595123881,-0.0051592806573469985,0.007874266396749293,115
logistic_sports,missingindicator_home_venue_goals_for_avg_5,-0.006652118937777002,0.011811399595123881,-0.0051592806573469985,0.007874266396749293,116
logistic_sports,missingindicator_home_venue_goals_against_avg_5,-0.006652118937777002,0.011811399595123881,-0.0051592806573469985,0.007874266396749293,117
logistic_sports,missingindicator_home_venue_shots_on_target_for_avg_5,-0.006652118937777002,0.011811399595123881,-0.0051592806573469985,0.007874266396749293,118
logistic_sports,home_season_goal_difference_avg_pre,0.0027299642243532145,0.003842527233807986,-0.0065724914581617565,0.004381660972107653,119
logistic_sports,missingindicator_away_days_rest,-0.003270905559105953,-0.0010823496381968671,0.004353255197302954,0.002902170131535258,120
logistic_sports,missingindicator_away_form_ppg_5,-0.003270905559105953,-0.0010823496381968671,0.004353255197302954,0.002902170131535258,121
logistic_sports,missingindicator_away_form_win_rate_5,-0.003270905559105953,-0.0010823496381968671,0.004353255197302954,0.002902170131535258,122
logistic_sports,missingindicator_away_form_draw_rate_5,-0.003270905559105953,-0.0010823496381968671,0.004353255197302954,0.002902170131535258,123
logistic_sports,missingindicator_away_form_goals_for_avg_5,-0.003270905559105953,-0.0010823496381968671,0.004353255197302954,0.002902170131535258,124
logistic_sports,missingindicator_away_form_goals_against_avg_5,-0.003270905559105953,-0.0010823496381968671,0.004353255197302954,0.002902170131535258,125
logistic_sports,missingindicator_away_form_goal_difference_avg_5,-0.003270905559105953,-0.0010823496381968671,0.004353255197302954,0.002902170131535258,126
logistic_sports,missingindicator_away_form_shots_on_target_for_avg_5,-0.003270905559105953,-0.0010823496381968671,0.004353255197302954,0.002902170131535258,127
logistic_sports,missingindicator_away_form_shots_on_target_against_avg_5,-0.003270905559105953,-0.0010823496381968671,0.004353255197302954,0.002902170131535258,128
logistic_sports,missingindicator_away_form_ppg_10,-0.003270905559105953,-0.0010823496381968671,0.004353255197302954,0.002902170131535258,129
logistic_sports,missingindicator_away_form_goals_for_avg_10,-0.003270905559105953,-0.0010823496381968671,0.004353255197302954,0.002902170131535258,130
logistic_sports,missingindicator_away_form_goals_against_avg_10,-0.003270905559105953,-0.0010823496381968671,0.004353255197302954,0.002902170131535258,131
logistic_sports,missingindicator_away_form_goal_difference_avg_10,-0.003270905559105953,-0.0010823496381968671,0.004353255197302954,0.002902170131535258,132
