split,model,rows,log_loss,brier_score,accuracy,macro_f1,ece_10_bins
test,market,380,0.964103415733941,0.5714649828539332,0.5447368421052632,0.3837257593355154,0.0200838830957183
test,logistic_market,380,0.9654980136041896,0.5724083528664181,0.5421052631578948,0.4349428669124084,0.0295991982527125
test,logistic_sports,380,0.9758671364855256,0.5764600336342933,0.531578947368421,0.4100839847160714,0.0350241836953476
test,poisson,380,0.9844354216295422,0.5842010878462147,0.5078947368421053,0.3521800458074968,0.0312726931634697
test,dixon_coles,380,0.9845769915872958,0.5843451794267484,0.5078947368421053,0.3521800458074968,0.0388845862642461
test,elo_multinomial,380,0.9864559336649662,0.582584587715386,0.5263157894736842,0.3665847908637897,0.0147714877736841
validation,market,760,0.9512047413914982,0.564050852339856,0.5526315789473685,0.415373377189962,0.024516879058131
validation,elo_multinomial,760,0.9675468866348572,0.5754402763770435,0.5421052631578948,0.4041279543185775,0.0140728316611995
validation,logistic_market,760,0.9778850357544576,0.5794583253138718,0.5328947368421053,0.4310004180093232,0.0376182065912951
validation,poisson,760,0.9779512099459076,0.5817759436722096,0.525,0.3894482583269769,0.024066675858102456
validation,dixon_coles,760,0.9780356375893943,0.581792826645866,0.5276315789473685,0.3908603503634048,0.020911189134521127
validation,logistic_sports,760,0.9940525942797666,0.588411992591518,0.531578947368421,0.415822232839572,0.0263384568530554
